,着順,枠番,馬番,馬名,性齢,斤量,騎手,タイム,着差,ﾀｲﾑ指数,通過,上り,単勝,人気,馬体重,調教ﾀｲﾑ,厩舎ｺﾒﾝﾄ,備考,調教師,馬主,賞金(万円)
0,1,5,8,フラワーパーク,牝5,54.0,田原成貴,1:07.6,,,2-2,33.7,5.0,4.0,468(+2),,,,[西] 松元省一,吉田勝己,4352.5
1,2,6,9,ドージマムテキ,牡7,57.0,的場均,1:07.7,3/4,,5-3,33.6,13.0,5.0,494(+2),,,,[西] 森秀行,堂島和夫,1715.0
2,3,4,6,ヒシアケボノ,牡5,57.0,角田晃一,1:07.9,1,,2-1,34.0,3.4,1.0,556(-4),,,,[西] 佐山優,阿部雅一郎,1107.5
3,4,2,2,ヤマニンパラダイス,牝5,54.0,武豊,1:08.5,3.1/2,,6-5,34.3,4.5,3.0,476(+8),,,,[西] 浅見国一,土井商事,650.0
4,5,8,13,イサミサクラ,牝5,54.0,佐藤哲三,1:08.7,1,,10-7,34.3,205.2,12.0,440(-4),,,,[西] 領家政蔵,前田哲郎,430.0
5,6,3,3,ライデンリーダー,牝5,54.0,安藤勝己,1:08.9,1.1/2,,13-13,33.9,15.4,6.0,460(-16),,,,[地] 荒川友司,水野俊一,
6,7,1,1,エイユーギャル,牝5,54.0,岸滋彦,1:09.2,2,,10-8,34.7,59.8,10.0,466(+4),,,,[西] 古川平,笹部義則,
7,8,6,10,ニホンピロプリンス,牡8,58.0,小林徹弥,1:09.2,クビ,,9-11,34.6,17.6,7.0,456(+2),,,,[西] 目野哲也,小林百太郎,
8,9,4,5,トーワウィナー,牡7,57.0,藤田伸二,1:09.5,2,,6-8,35.1,20.9,8.0,522(+12),,,,[西] 佐山優,斉藤一郎,
9,10,7,12,トウショウルーイ,牡6,57.0,幸英明,1:09.5,ハナ,,6-8,35.1,165.0,11.0,522(-8),,,,[東] 奥平真治,トウショウ産業,
10,11,3,4,キタサンサイレンス,牝5,54.0,野元昭嘉,1:09.8,2,,10-12,35.1,329.5,13.0,452(-2),,,,[西] 野元昭,大野商事,
11,12,7,11,エイシンワシントン,牡6,57.0,熊沢重文,1:10.0,1.1/4,,4-5,35.9,4.2,2.0,486(-10),,,,[西] 内藤繁春,平井豊光,
12,13,5,7,スリーコース,牝6,55.0,南井克巳,1:10.8,5,,1-3,37.0,36.5,9.0,474(+4),,,,[西] 橋本寿正,永井商事,
13,取,8,14,ハウンドトゥース,牝5,54.0,飯田祐史,,,,,,---,,計不,,,,[西] 山本正司,藤本直弘,
0,1,2,4,エイシンバーリン,牝6,56.0,南井克巳,1:06.9,,,1-1,33.4,35.9,8.0,454(+10),,,,[西] 坂口正則,平井豊光,4360.9
1,2,1,1,ビコーペガサス,牡7,58.0,上村洋行,1:07.6,4,,9-6,33.4,10.7,3.0,436(+4),,,,[西] 柳田次男,レジェンド,1717.4
2,3,3,6,シンコウキング,牡7,57.0,橋本広喜,1:07.6,アタマ,,5-4,33.6,13.8,4.0,468(-4),,,,[東] 藤沢和雄,安田修,1108.7
3,4,5,10,フラワーパーク,牝6,57.0,田原成貴,1:07.6,ハナ,,2-2,33.8,1.4,1.0,476(0),,,,[西] 松元省一,吉田勝己,650.0
4,5,2,3,エイティグロー,牡6,57.0,常石勝義,1:07.9,2,,12-10,33.5,46.1,10.0,442(+4),,,,[西] 中尾正,前田篤久,430.0
5,6,8,15,ヤマニンパラダイス,牝6,55.0,石橋守,1:08.1,1.1/2,,6-6,33.9,14.9,5.0,478(0),,,,[西] 浅見秀一,土井商事,
6,7,7,13,ゴールデンカラーズ,牝5,54.0,塩村克己,1:08.2,クビ,,16-16,32.9,42.1,9.0,488(+10),,,,[西] 中村好夫,中村寛俊,
7,8,8,16,アベルクイーン,牝6,55.0,村本善之,1:08.2,クビ,,12-13,33.6,220.2,15.0,456(+4),,,,[西] 新川恵,杵臼牧場,
8,9,3,5,キングアドマイヤ,牡6,57.0,藤田伸二,1:08.3,1/2,,12-13,33.7,17.1,6.0,482(-2),,,,[西] 小林稔,近藤利一,
9,10,5,9,キッスパシオン,牝5,54.0,小林徹弥,1:08.4,クビ,,11-12,34.0,170.1,14.0,480(+4),,,,[西] 清水出美,小谷津延弘,
10,11,4,8,イブキパーシヴ,牝5,54.0,高橋亮,1:08.4,ハナ,,6-6,34.3,95.7,13.0,434(-2),,,,[西] 橋口弘次,伊吹,
11,12,4,7,レザームーン,牡6,57.0,四位洋文,1:08.4,アタマ,,9-10,34.1,29.6,7.0,538(-2),,,,[西] 高橋隆,齊藤四方司,
12,13,6,12,マチカネジンダイコ,牡7,57.0,和田竜二,1:08.6,1.1/4,,15-13,33.9,82.1,11.0,490(0),,,,[西] 柴田光陽,細川益男,
13,14,7,14,ニシノファイナル,牝5,54.0,菊沢隆仁,1:08.6,クビ,,6-9,34.4,309.2,16.0,428(-4),,,,[西] 松田正弘,西山牧場,
14,15,6,11,ヒシアケボノ,牡6,58.0,河内洋,1:09.0,2.1/2,,2-2,35.2,9.1,2.0,576(+6),,,,[西] 佐山優,阿部雅一郎,
15,16,1,2,メイショウサムライ,牡7,57.0,武幸四郎,1:09.1,クビ,,4-4,35.2,87.0,12.0,464(-24),,,,[西] 武邦彦,松本好雄,
0,1,1,1,シーキングザパール,牝5,56.0,武豊,1:08.6,,,8-7,34.6,6.5,4.0,466(-2),,,,[西] 森秀行,植中昌子,4350.4
1,2,2,2,マサラッキ,牡6,57.0,河内洋,1:08.6,クビ,,4-4,34.8,3.8,2.0,476(-2),,,,[西] 増本豊,丸井正貴,1714.4
2,3,8,12,シンコウフォレスト,牡6,57.0,四位洋文,1:08.7,クビ,,2-2,35.5,15.4,7.0,516(+2),,,,[東] 栗田博憲,安田修,1107.2
3,4,7,10,スギノハヤカゼ,牡6,59.0,田島裕和,1:08.9,1.1/2,,7-4,35.0,6.5,3.0,476(-2),,,,[西] 鹿戸幸治,杉江義夫,650.0
4,5,5,6,ホッコービューティ,牝5,54.0,武幸四郎,1:09.0,クビ,,10-11,34.6,31.9,8.0,464(+2),,,,[西] 橋本寿正,矢部幸一,215.0
5,5,8,11,エイシンバーリン,牝7,56.0,南井克巳,1:09.0,同着,,2-3,35.7,12.2,6.0,460(+16),,,,[西] 坂口正則,平井豊光,215.0
6,7,5,5,ワシントンカラー,牡5,56.0,菊沢隆徳,1:09.1,3/4,,4-4,35.3,9.1,5.0,502(-2),,,,[東] 松山康久,テンジン,
7,8,7,9,ドージマムテキ,牡9,57.0,村本善之,1:09.2,3/4,,10-10,35.0,158.1,11.0,504(-5),,,,[西] 森秀行,吉田照哉,
8,9,6,8,ザゴールド,牡6,57.0,牧田和弥,1:09.3,1/2,,4-7,35.5,193.2,12.0,492(0),,,,[西] 中村好夫,ジョイ・レースホース,
9,10,3,3,センタームービング,牡7,57.0,小林徹弥,1:09.5,1.1/4,,12-11,35.0,94.1,9.0,468(+2),,,,[西] 目野哲也,中野優,
10,11,6,7,キョウエイマーチ,牝5,56.0,松永幹夫,1:09.5,クビ,,1-1,36.4,2.6,1.0,498(0),,,,[西] 野村彰彦,松岡正雄,
11,12,4,4,ジェットアラウンド,牡5,56.0,熊沢重文,1:10.2,4,,8-9,36.2,156.2,10.0,492(0),,,,[西] 池江泰郎,ロイヤルファーム,
0,1,8,14,マイネルラヴ,牡5,57.0,松永幹夫,1:08.7,,,4-3,34.9,5.3,2.0,506(0),,,,[東] 稲葉隆一,サラブレッドクラブ・ラフィアン,4363.0
1,2,2,2,アグネスワールド,牡5,56.0,横山典弘,1:09.0,2,,5-5,35.0,6.0,3.0,512(-4),,,,[西] 森秀行,渡辺孝男,1718.0
2,3,6,10,サウンドワールド,牡5,56.0,松田大作,1:09.2,1.1/4,,1-1,35.6,13.2,4.0,468(-2),,,,[西] 崎山博樹,増田雄一,1109.0
3,4,4,6,メイショウアヤメ,牝5,54.0,飯田祐史,1:09.3,1/2,,8-8,35.1,131.7,11.0,424(+2),,,,[西] 飯田明弘,松本好雄,650.0
4,5,8,13,シンコウフォレスト,牡7,58.0,四位洋文,1:09.3,ハナ,,2-3,35.6,53.7,8.0,530(+14),,,,[東] 栗田博憲,安田修,430.0
5,6,4,5,マサラッキ,牡7,58.0,藤田伸二,1:09.3,ハナ,,5-6,35.2,14.3,5.0,480(-4),,,,[西] 増本豊,丸井正貴,
6,7,5,8,シンワビューティー,牝5,54.0,安藤勝己,1:09.4,3/4,,14-14,34.0,139.5,12.0,472(+2),,,,[地] 柴田高志,若尾明,
7,8,3,3,チアズサイレンス,牡7,57.0,本田優,1:09.4,クビ,,10-10,34.6,63.2,9.0,504(+4),,,,[西] 山内研二,北村キヨ子,
8,9,1,1,フサイチヒロシ,牡7,57.0,河北通,1:09.5,クビ,,11-11,34.5,245.5,14.0,518(-6),,,,[西] 小野幸治,関口房朗,
9,10,7,11,トキオパーフェクト,牡5,56.0,蛯名正義,1:09.6,クビ,,2-2,35.9,1.6,1.0,450(-6),,,,[東] 古賀史生,坂田時雄,
10,11,5,7,ライトバウア,牡6,57.0,高橋亮,1:09.6,ハナ,,11-12,34.7,116.0,10.0,504(+6),,,,[西] 橋口弘次,社台レースホース,
11,12,3,4,セレクトグリーン,牡5,56.0,幸英明,1:09.6,クビ,,5-6,35.6,26.1,6.0,502(-12),,,,[西] 音無秀孝,グリーンファーム,
12,13,6,9,ロードフェイス,牡5,56.0,加藤和宏,1:09.7,クビ,,11-12,34.7,33.0,7.0,504(-8),,,,[東] 藤沢和雄,ロードホースクラブ,
13,14,7,12,ジェットアラウンド,牡6,57.0,村本善之,1:10.2,3,,8-9,35.8,191.7,13.0,494(-2),,,,[西] 池江泰郎,ロイヤルファーム,
0,1,8,13,ブロードアピール,牝7,55.0,武幸四郎,1:09.5,,,12-12,34.5,9.1,4.0,466(-2),,,,[西] 松田国英,金子真人,4351.8
1,2,5,8,トロットスター,牡5,56.0,河内洋,1:09.7,1.1/4,,10-8,35.1,21.4,6.0,450(-14),,,,[東] 中野栄治,高野稔,1714.8
2,3,6,10,タイキダイヤ,牝5,54.0,福永祐一,1:09.7,クビ,,3-2,35.7,2.5,1.0,474(+10),,,,[東] 田中清隆,大樹ファーム,1107.4
3,4,6,9,マイネルラヴ,牡6,59.0,横山典弘,1:09.8,クビ,,4-2,35.8,2.8,2.0,512(-2),,,,[東] 稲葉隆一,サラブレッドクラブ・ラフィアン,650.0
4,5,5,7,ダイタクカミカゼ,牡8,57.0,高橋亮,1:10.0,1.1/4,,14-13,34.8,69.5,9.0,470(-2),,,,[西] 橋口弘次,中村和子,430.0
5,6,7,12,イズミサクセス,牡6,57.0,塩村克己,1:10.1,クビ,,9-8,35.5,528.9,14.0,448(+16),,,,[東] 本郷一彦,斉藤猛,
6,7,1,1,ジョンカラノテガミ,牡6,57.0,角田晃一,1:10.3,1.1/2,,4-5,36.2,34.5,7.0,506(-6),,,,[東] 阿部新生,千田幸信,
7,8,8,14,ジョープロテクター,牡7,57.0,安藤勝己,1:10.5,1.1/4,,7-6,36.2,10.2,5.0,508(0),,,,[西] 柴田光陽,上田けい子,
8,9,4,6,タヤスブルーム,牝5,54.0,飯田祐史,1:10.6,1/2,,10-11,35.9,70.3,10.0,446(-4),,,,[西] 山内研二,横瀬寛一,
9,10,2,2,スピードスター,牡8,57.0,上村洋行,1:10.6,アタマ,,12-13,35.6,102.7,11.0,496(0),,,,[西] 長浜博之,ヤブウチ,
10,11,4,5,シンボリスウォード,牡6,57.0,藤田伸二,1:11.1,3,,2-1,37.2,6.4,3.0,494(-6),,,,[東] 藤沢和雄,シンボリ牧場,
11,12,7,11,ハートマン,牡8,57.0,松永幹夫,1:11.1,クビ,,4-6,36.9,35.2,8.0,484(+14),,,,[西] 加用正,誓山正伸,
12,13,3,3,リザーブユアハート,牡5,56.0,小屋敷昭,1:11.2,1/2,,1-2,37.4,298.2,12.0,474(+42),,,,[西] 白井寿昭,前田幸治,
13,14,3,4,マイネルヒーロー,牡8,57.0,池添謙一,1:11.5,1.3/4,,8-8,37.1,358.5,13.0,512(+6),,,,[東] 稲葉隆一,サラブレッドクラブ・ラフィアン,
0,1,2,2,トロットスター,牡5,58.0,蛯名正義,1:08.7,,,8-7,34.2,1.8,1.0,446(0),,,,[東] 中野栄治,高野稔,4354.6
1,2,5,7,タイキトレジャー,牡5,57.0,横山典弘,1:08.7,クビ,,5-4,34.5,2.7,2.0,470(0),,,,[東] 藤沢和雄,大樹ファーム,1715.6
2,3,5,8,ツルマルザムライ,牡5,57.0,福永祐一,1:08.9,1.1/2,,5-4,34.7,33.7,5.0,458(+4),,,,[西] 橋口弘次,鶴田任男,1107.8
3,4,3,3,ゲイリーフラッシュ,牡8,57.0,小林徹弥,1:08.9,アタマ,,8-9,34.3,61.9,10.0,438(0),,,,[西] 安田伊佐,東京サラブレッドビューロー,650.0
4,5,6,10,イソノウイナー,牡7,57.0,飯田祐史,1:09.1,1,,14-14,33.7,35.3,6.0,446(0),,,,[西] 清水久雄,磯野俊雄,430.0
5,6,6,9,サイキョウサンデー,牡5,57.0,河内洋,1:09.2,1/2,,5-7,34.8,42.2,8.0,482(+2),,,,[西] 坂口正大,奥本賢一郎,
6,7,3,4,ラヴィエベル,牝4,55.0,佐藤哲三,1:09.4,1.1/4,,13-13,34.3,255.7,12.0,458(-8),,,,[東] 高松邦男,伊達秀和,
7,8,7,11,バーガンディレッド,牝5,55.0,上村洋行,1:09.4,アタマ,,8-9,34.8,53.1,9.0,468(+4),,,,[東] 鈴木伸尋,キャロットファーム,
8,9,7,12,テネシーガール,牝4,55.0,武幸四郎,1:09.4,クビ,,1-1,35.5,8.6,3.0,494(0),,,,[西] 坪正直,平井豊光,
9,10,8,13,フレンチパッション,牝5,55.0,原田聖二,1:09.5,クビ,,4-4,35.4,41.7,7.0,462(+4),,,,[西] 福島信晴,吉田修,
10,11,4,6,ジョープロテクター,牡7,57.0,古川吉洋,1:09.6,3/4,,11-12,34.8,445.6,14.0,508(+4),,,,[西] 柴田光陽,上田けい子,
11,12,4,5,フェイマスケイ,牡7,57.0,池添謙一,1:09.8,1,,11-9,35.1,167.9,11.0,496(-2),,,,[東] 嶋田潤,永嶋啓治,
12,13,1,1,ダンツキャスト,牡4,57.0,幸英明,1:09.8,ハナ,,2-2,35.9,18.0,4.0,512(0),,,,[西] 谷潔,山元哲二,
13,14,8,14,キーゴールド,牡6,57.0,内田浩一,1:10.1,2,,2-2,36.1,275.1,13.0,510(+16),,,,[西] 宮徹,北前米子,
0,1,2,4,ゲイリーフラッシュ,牡9,52.0,小林徹弥,1:08.7,,,5-3,34.4,97.5,14.0,446(+2),,,,[西] 安田伊佐,東京サラブレッドビューロー,4359.5
1,2,5,10,サイキョウサンデー,牡6,55.0,四位洋文,1:08.8,1/2,,8-7,34.3,4.4,2.0,486(0),,,,[西] 坂口正大,奥本賢一郎,1717.0
2,3,4,8,アイティースワロー,セ5,53.0,太宰啓介,1:08.8,クビ,,2-2,34.8,28.2,10.0,486(+4),,,,[西] 柴田光陽,井門敏雄,1108.5
3,4,4,7,ナムラマイカ,牝5,51.0,渡辺薫彦,1:08.9,クビ,,1-1,35.0,26.1,9.0,454(+2),,,,[西] 福島信晴,奈村信重,650.0
4,5,1,2,タイキダイヤ,牝6,53.0,秋山真一,1:08.9,クビ,,5-7,34.5,21.5,8.0,478(+4),,,,[東] 田中清隆,大樹ファーム,430.0
5,6,7,14,トロットスター,牡6,59.5,蛯名正義,1:09.0,クビ,,11-9,34.3,2.7,1.0,452(+8),,,,[東] 中野栄治,高野稔,
6,7,8,15,ノボリユキオー,牡6,54.0,福永祐一,1:09.1,1/2,,5-6,34.8,11.5,5.0,460(-2),,,,[西] 瀬戸口勉,原田豊,
7,8,3,5,ジョンカラノテガミ,牡7,56.0,佐藤哲三,1:09.2,1/2,,14-13,34.3,7.4,3.0,512(+4),,,,[東] 阿部新生,千田幸信,
8,9,3,6,リキアイタイカン,牡4,55.0,山田泰誠,1:09.3,3/4,,13-13,34.5,11.6,6.0,482(0),,,,[西] 松田正弘,高山幸雄,
9,10,6,12,キタサンチャンネル,牡4,54.0,小牧太,1:09.3,アタマ,,9-9,34.7,10.4,4.0,490(-4),,,,[西] 橋口弘次,大野商事,
10,11,2,3,フサイチオーレ,牡4,53.0,和田竜二,1:09.4,1/2,,11-9,34.7,31.0,11.0,446(+4),,,,[西] 森秀行,関口房朗,
11,12,8,16,ロッキーアピール,牡4,52.0,松永幹夫,1:09.5,1/2,,9-9,35.0,16.4,7.0,480(+2),,,,[西] 松田国英,金子真人,
12,13,1,1,スニーカー,牝6,49.0,川島信二,1:09.6,クビ,,14-13,34.7,33.0,12.0,446(+4),,,,[東] 鈴木伸尋,飯田正剛,
13,14,5,9,ケイワンバイキング,セ9,54.0,池添謙一,1:09.8,1.1/4,,16-16,34.6,74.6,13.0,446(-10),,,,[東] 奥平真治,北村和哉,
14,15,6,11,フレンチパッション,牝6,49.0,原田聖二,1:10.0,1.1/2,,2-5,35.9,142.4,15.0,456(+4),,,,[西] 福島信晴,吉田修,
15,16,7,13,ラムジェットシチー,牡6,54.0,飯田祐史,1:10.1,1/2,,2-3,36.0,171.5,16.0,524(+4),,,,[西] 佐々木晶,友駿ホースクラブ,
0,1,5,8,テイエムサンデー,牡7,54.0,秋山真一,1:08.6,,,12-11,33.3,12.4,6.0,500(-2),,,,[西] 福島勝,竹園正繼,4350.4
1,2,6,10,カフェボストニアン,牡4,55.0,松永幹夫,1:08.7,クビ,,1-1,34.4,4.4,2.0,526(-12),,,,[東] 松山康久,西川清,1714.4
2,3,5,7,サニングデール,牡4,57.0,福永祐一,1:08.9,1.1/4,,6-7,34.1,2.1,1.0,456(+4),,,,[西] 瀬戸口勉,後藤繁樹,1107.2
3,4,8,14,ゴールデンロドリゴ,牡6,56.0,佐藤哲三,1:08.9,クビ,,2-2,34.5,9.1,4.0,502(+2),,,,[西] 飯田雄三,山住れい子,650.0
4,5,7,12,リキアイタイカン,牡5,57.5,四位洋文,1:09.1,1.1/2,,6-3,34.3,8.7,3.0,500(+4),,,,[西] 松田正弘,高山幸雄,430.0
5,6,7,11,テイエムサウスポー,牡5,54.0,太宰啓介,1:09.1,ハナ,,3-3,34.4,109.1,11.0,528(+6),,,,[西] 柴田光陽,竹園正繼,
6,7,3,3,スターエルドラード,牡4,54.0,ボニヤ,1:09.3,1.1/4,,3-3,34.7,46.1,9.0,476(0),,,,[西] 森秀行,新木正夫,
7,8,4,5,ニホンピロハーレー,牡7,54.0,和田竜二,1:09.4,1/2,,10-7,34.3,10.2,5.0,508(+4),,,,[西] 田所秀孝,小林百太郎,
8,9,4,6,マヤノトライミー,牡7,50.0,安部幸夫,1:09.4,ハナ,,14-13,33.8,174.3,13.0,460(0),,,,[西] 坂口正大,田所祐,
9,10,8,13,ジョーディシラオキ,牝6,51.0,小坂忠士,1:09.5,3/4,,6-7,34.5,175.9,14.0,464(+4),,,,[西] 松田国英,大成牧場,
10,11,3,4,キシュウファンタジ,牝6,49.0,黒岩悠,1:09.6,クビ,,9-10,34.5,111.3,12.0,490(0),,,,[西] 吉岡八郎,木村善一,
11,12,2,2,ダンツキャスト,牡6,54.0,小牧太,1:09.7,1/2,,10-11,34.5,29.0,8.0,506(-8),,,,[西] 谷潔,山元哲二,
12,13,1,1,ナリタダイドウ,牡6,54.0,池添謙一,1:09.7,クビ,,12-13,34.2,85.8,10.0,464(+18),,,,[西] 中尾謙太,山路秀則,
13,14,6,9,ナムラマイカ,牝6,52.0,幸英明,1:09.8,1/2,,3-3,35.2,17.9,7.0,452(-2),,,,[西] 福島信晴,奈村信重,
0,1,6,11,キーンランドスワン,牡5,56.0,スボリッ,1:08.6,,,5-4,33.8,3.4,1.0,488(-2),,,,[西] 森秀行,平井豊光,4363.0
1,2,4,8,サーガノヴェル,牝5,54.0,岩田康誠,1:08.7,1/2,,7-7,33.7,19.4,9.0,486(-2),,,,[東] 古賀史生,前田幸治,1718.0
2,3,3,5,サニングデール,牡5,57.5,福永祐一,1:08.7,ハナ,,9-9,33.4,11.3,6.0,452(+2),,,,[西] 瀬戸口勉,後藤繁樹,1109.0
3,4,8,15,トーセンオリオン,牡4,54.0,安藤光彰,1:08.8,クビ,,2-2,34.3,10.9,5.0,468(+2),,,,[東] 萩原清,島川隆哉,650.0
4,5,8,16,サダムブルースカイ,牡5,55.0,角田晃一,1:08.8,クビ,,2-4,34.2,21.8,10.0,536(+6),,,,[西] 中村均,大西定,430.0
5,6,5,9,ゴールデンロドリゴ,牡7,56.0,四位洋文,1:08.9,1/2,,11-11,33.3,17.3,8.0,506(0),,,,[西] 飯田雄三,山住れい子,
6,7,2,3,ドローアウター,牡4,54.0,松永幹夫,1:09.0,3/4,,1-1,34.6,6.0,3.0,536(+6),,,,[西] 山本正司,前田幸治,
7,8,7,14,ナムラマイカ,牝7,52.0,古川吉洋,1:09.0,ハナ,,5-6,34.2,43.8,11.0,468(+6),,,,[西] 福島信晴,奈村信重,
8,9,1,2,ワンダフルデイズ,牡4,55.0,川原正一,1:09.1,1/2,,14-13,33.2,5.8,2.0,502(+4),,,,[西] 武田博,前田幸治,
9,10,5,10,モンパルナス,牝4,53.0,佐藤哲三,1:09.1,クビ,,2-2,34.6,12.1,7.0,436(-4),,,,[西] 坪憲章,角田哲男,
10,11,1,1,フィールドスパート,牡6,53.0,小林徹弥,1:09.3,1,,7-7,34.3,129.5,13.0,548(-2),,,,[西] 山内研二,地田勝三,
11,12,4,7,ゴールデンキャスト,牡4,54.0,幸英明,1:09.3,クビ,,14-11,33.4,6.6,4.0,480(+6),,,,[西] 橋口弘次,前田幸治,
12,13,6,12,リキアイタイカン,牡6,56.5,竹之下智,1:09.4,1/2,,12-13,33.6,46.5,12.0,500(0),,,,[西] 松田正弘,高山幸雄,
13,14,2,4,ニホンピロハーレー,牡8,53.0,渡辺薫彦,1:09.6,1.1/2,,16-15,33.5,278.0,16.0,500(+8),,,,[西] 服部利之,小林百太郎,
14,15,7,13,ナリタダイドウ,牡7,52.0,常石勝義,1:09.6,ハナ,,9-9,34.2,148.7,14.0,466(+2),,,,[西] 中尾謙太,山路秀則,
15,16,3,6,トウショウリープ,牡7,53.0,小池隆生,1:09.8,1.1/4,,13-15,33.9,182.5,15.0,494(0),,,,[東] 大久保洋,トウショウ産業,
0,1,4,8,プレシャスカフェ,牡6,58.0,蛯名正義,1:08.1,,,6-5,33.7,1.9,1.0,498(+2),,,,[東] 小島太,西川清,4160.2
1,2,6,12,ギャラントアロー,牡5,58.0,幸英明,1:08.2,1/2,,3-3,34.0,17.3,6.0,500(+2),,,,[西] 崎山博樹,冨沢敦子,1617.2
2,3,3,6,トップパシコ,牡5,53.0,高山太郎,1:08.2,クビ,,1-1,34.3,27.4,10.0,512(0),,,,[東] 佐藤全弘,酒井芳秀,1008.6
3,4,5,10,リミットレスビッド,牡6,56.0,武幸四郎,1:08.4,1.1/4,,2-2,34.3,4.5,2.0,506(+4),,,,[西] 加用正,社台レースホース,620.0
4,5,1,2,ドリームカムカム,牝7,54.0,大西直宏,1:08.4,クビ,,3-3,34.2,25.2,8.0,470(-4),,,,[東] 国枝栄,飯田正剛,410.0
5,6,7,14,ゴールデンキャスト,牡5,57.0,小牧太,1:08.6,3/4,,6-5,34.2,16.4,5.0,496(+4),,,,[西] 橋口弘次,前田幸治,
6,7,4,7,キングオブサンデー,牡9,53.0,藤岡佑介,1:08.6,アタマ,,13-11,33.7,387.1,16.0,496(+20),,,,[西] 森秀行,鈴木義孝,
7,8,6,11,コンコルディア,牝4,53.0,松永幹夫,1:08.8,1.1/4,,10-11,34.2,14.5,4.0,486(-2),,,,[西] 安田隆行,サンデーレーシング,
8,9,3,5,ゲイリーファントム,牡6,52.0,川島信二,1:08.8,アタマ,,10-9,34.2,286.1,15.0,544(0),,,,[西] 鶴留明雄,東京サラブレッドビューロー,
9,10,8,16,マルターズヒート,牝4,52.0,川原正一,1:08.8,クビ,,6-5,34.3,54.6,12.0,484(0),,,,[西] 坂口正則,藤田与志男,
10,11,1,1,ナイキアヘッド,牡6,55.0,安藤勝己,1:08.9,クビ,,3-8,34.7,12.3,3.0,494(-6),,,,[東] 古賀史生,小野誠治,
11,12,7,13,サダムブルースカイ,牡6,54.0,長谷川浩,1:09.0,1/2,,13-14,34.2,114.3,13.0,528(+10),,,,[西] 中村均,大西定,
12,13,2,4,マルターズホーク,牡8,52.0,小林徹弥,1:09.0,クビ,,16-16,33.9,261.3,14.0,500(+2),,,,[東] 手塚貴久,藤田与志男,
13,14,5,9,ゴールデンロドリゴ,牡8,56.0,赤木高太,1:09.1,3/4,,13-14,34.3,40.8,11.0,510(+4),,,,[西] 飯田雄三,山住れい子,
14,15,2,3,キーンランドスワン,牡6,57.0,藤田伸二,1:09.3,1.1/2,,6-11,34.8,23.5,7.0,490(+6),,,,[西] 森秀行,平井豊光,
15,16,8,15,シルヴァーゼット,牡4,54.0,池添謙一,1:09.3,アタマ,,10-9,34.6,25.9,9.0,522(+6),,,,[西] 田所清広,林儀信,
0,1,6,11,タマモホットプレイ,牡5,56.0,渡辺薫彦,1:08.9,,**,5-6,34.1,9.0,4.0,474(-2),,,,[西] 南井克巳,タマモ,4158.1
1,2,6,12,マイネルアルビオン,牡4,54.0,武幸四郎,1:08.9,アタマ,**,5-6,34.1,10.0,7.0,540(-6),,,,[東] 畠山吉宏,サラブレッドクラブ・ラフィアン,1616.6
2,3,7,14,アイルラヴァゲイン,牡4,55.0,安藤勝己,1:09.0,3/4,**,3-3,34.5,3.2,1.0,508(+4),,,,[東] 手塚貴久,齊藤四方司,1008.3
3,4,2,3,コパノフウジン,牡4,55.0,佐藤哲三,1:09.0,アタマ,**,3-3,34.5,7.6,2.0,474(+2),,,,[西] 宮徹,小林祥晃,620.0
4,5,8,16,タイキジリオン,牡6,55.0,ペリエ,1:09.0,ハナ,**,5-6,34.3,18.2,10.0,484(-10),,,,[西] 安田隆行,大樹ファーム,410.0
5,6,3,5,ディープサマー,牡4,55.0,岩田康誠,1:09.0,アタマ,**,2-2,34.6,13.1,8.0,488(-2),,,,[西] 山内研二,深見敏男,
6,7,5,10,ナイキアヘッド,牡7,54.0,秋山真一,1:09.2,1,**,10-10,34.2,127.0,14.0,498(-4),,,,[東] 古賀史生,小野誠治,
7,8,8,15,エイシンヘーベ,牝5,53.0,小牧太,1:09.2,ハナ,**,10-10,34.3,17.3,9.0,446(-4),,,,[西] 藤岡健一,平井豊光,
8,9,5,9,カネツテンビー,牝7,53.0,津村明秀,1:09.2,ハナ,**,14-14,34.1,9.4,6.0,494(0),,,,[東] 武藤善則,カネツ牧場,
9,10,7,13,ロイヤルキャンサー,牡8,53.0,川島信二,1:09.3,3/4,**,14-14,34.2,203.5,15.0,468(+6),,,,[西] 森秀行,井澤健,
10,11,3,6,キーンランドスワン,牡7,57.5,四位洋文,1:09.4,1/2,**,5-5,34.7,9.1,5.0,488(0),,,,[西] 森秀行,平井豊光,
11,12,2,4,ギャラントアロー,牡6,58.0,幸英明,1:09.5,クビ,**,1-1,35.1,8.5,3.0,512(+8),,,,[西] 崎山博樹,冨沢敦子,
12,13,4,7,ブルーショットガン,牡7,54.0,松永幹夫,1:09.5,クビ,**,10-10,34.6,23.8,11.0,452(0),,,,[西] 武宏平,荻伏レーシング・クラブ,
13,14,4,8,アグネスウイング,牡6,56.0,熊沢重文,1:09.8,1.3/4,**,10-10,34.8,94.5,13.0,478(+4),,,,[西] 白井寿昭,渡辺孝男,
14,15,1,1,ナゾ,牝8,51.0,安部幸夫,1:10.0,1,**,5-6,35.3,65.7,12.0,438(0),,,,[西] 佐々木晶,小田切有一,
15,16,1,2,ゲイリーファントム,牡7,51.0,佐久間寛,1:10.2,1.1/2,**,14-14,34.9,245.9,16.0,554(-4),,,,[西] 鶴留明雄,東京サラブレッドビューロー,
0,1,6,12,エムオーウイナー,牡6,55.0,小牧太,1:07.8,,**,4-3,34.0,11.4,7.0,522(+6),,,,[西] 服部利之,大浅貢,4161.6
1,2,2,4,タマモホットプレイ,牡6,57.0,渡辺薫彦,1:08.0,1.1/2,**,9-8,33.7,7.2,3.0,478(+2),,,,[西] 南井克巳,タマモ,1617.6
2,3,8,15,ビーナスライン,牝6,54.0,秋山真一,1:08.0,ハナ,**,7-8,33.9,7.5,4.0,466(+8),,,,[東] 堀宣行,ターフ・スポート,1008.8
3,4,5,9,アンバージャック,牡4,57.0,松岡正海,1:08.1,クビ,**,7-4,34.0,3.7,1.0,516(-2),,,,[東] 中野隆良,日進牧場,620.0
4,5,1,2,サチノスイーティー,牝4,52.0,吉田隼人,1:08.1,クビ,**,4-7,34.1,10.7,6.0,444(-8),,,,[東] 平井雄二,佐藤幸彦,410.0
5,6,7,14,コスモシンドラー,牡5,55.0,武幸四郎,1:08.2,クビ,**,13-13,33.7,8.3,5.0,504(0),,,,[西] 加用正,ビッグレッドファーム,
6,7,2,3,ディバインシルバー,牡9,55.0,穂苅寿彦,1:08.2,クビ,**,1-1,34.7,179.2,16.0,494(+9),,,,[東] 和田正道,櫻井正,
7,8,7,13,ナリタシークレット,牝5,51.0,川田将雅,1:08.3,クビ,**,2-2,34.7,19.1,8.0,472(+4),,,,[西] 木原一良,オースミ,
8,9,4,8,エイシンボーダン,牡6,54.0,ルメール,1:08.4,1/2,**,13-13,33.8,94.0,13.0,494(+2),,,,[西] 鮫島一歩,平井豊光,
9,10,5,10,コスモフォーチュン,牝5,53.0,角田晃一,1:08.6,1.1/2,**,3-4,34.7,48.6,12.0,472(-10),,,,[西] 宮徹,ビッグレッドファーム,
10,11,4,7,スピニングノアール,牡6,56.0,上村洋行,1:08.7,クビ,**,15-13,34.1,5.0,2.0,484(+8),,,,[西] 長浜博之,畑佐博,
11,12,6,11,マルカキセキ,牡6,57.0,福永祐一,1:08.7,アタマ,**,9-10,34.3,34.3,11.0,536(+8),,,,[西] 瀬戸口勉,河長産業,
12,13,1,1,リキアイタイカン,牡9,55.0,和田竜二,1:08.8,1/2,**,9-10,34.4,142.5,15.0,506(+14),,,,[東] 阿部新生,高山幸雄,
13,14,3,6,コパノフウジン,牡5,56.0,鮫島良太,1:08.8,クビ,**,6-6,34.7,22.4,9.0,474(+16),,,,[西] 宮徹,小林祥晃,
14,15,3,5,タガノバスティーユ,牡4,54.0,池添謙一,1:09.2,2.1/2,**,16-16,34.1,31.7,10.0,518(0),,,,[西] 池添兼雄,八木良司,
15,16,8,16,カフェボストニアン,牡8,54.0,四位洋文,1:09.6,2.1/2,**,9-10,35.3,109.1,14.0,526(-14),,,,[東] 松山康久,西川光一,
0,1,1,1,ファイングレイン,牡5,56.0,幸英明,1:09.1,,**,15-12,34.0,6.5,3.0,500(+6),,,,[西] 長浜博之,社台レースホース,4163.7
1,2,7,13,コパノフウジン,牡6,54.0,藤岡佑介,1:09.3,1.1/4,**,8-9,34.7,65.4,11.0,476(+4),,,,[西] 宮徹,小林祥晃,1618.2
2,3,8,15,ステキシンスケクン,牡5,56.0,岩田康誠,1:09.3,ハナ,**,10-10,34.6,11.2,5.0,470(+2),,,,[西] 森秀行,榮義則,1009.1
3,4,3,5,リキアイタイカン,牡10,53.0,池添謙一,1:09.5,1,**,13-15,34.4,68.1,12.0,510(+8),,,,[東] 阿部新生,高山幸雄,620.0
4,5,7,14,サイキョウワールド,牡6,54.0,四位洋文,1:09.5,クビ,**,15-15,34.3,23.6,9.0,472(+4),,,,[西] 坂口正大,奥本賢一郎,410.0
5,6,5,10,プリンセスルシータ,牝6,52.0,川田将雅,1:09.6,1/2,**,7-7,35.2,17.8,8.0,456(+2),,,,[西] 松田国英,吉田照哉,
6,7,8,16,テイエムアクション,牡7,55.0,橋本美純,1:09.6,クビ,**,10-10,34.9,118.1,14.0,520(+24),,,,[西] 岩元市三,竹園正繼,
7,8,4,8,マルカキセキ,牡7,56.0,福永祐一,1:09.7,1/2,**,13-12,34.8,81.8,13.0,512(-2),,,,[西] 増本豊,河長産業,
8,9,3,6,ペールギュント,牡6,57.5,ルメール,1:09.8,3/4,**,4-3,35.6,9.1,4.0,526(0),,,,[西] 橋口弘次,サンデーレーシング,
9,10,6,12,アストンマーチャン,牝4,56.0,武豊,1:10.0,3/4,**,1-1,36.3,2.5,1.0,484(+2),,,,[西] 石坂正,戸佐眞弓,
10,11,2,4,クールシャローン,牝4,53.0,長谷川浩,1:10.1,1/2,**,4-3,35.9,11.6,6.0,492(-4),,,,[西] 目野哲也,川上哲司,
11,12,4,7,テイエムノブシオー,牡5,54.0,武幸四郎,1:10.2,クビ,**,2-2,36.3,16.7,7.0,516(0),,,,[西] 新川恵,竹園正繼,
12,13,1,2,アグネスラズベリ,牝7,54.0,角田晃一,1:10.3,3/4,**,10-12,35.4,24.6,10.0,518(+12),,,,[西] 西浦勝一,渡辺孝男,
13,14,6,11,ダイワメンフィス,牡7,53.0,秋山真一,1:10.3,ハナ,**,3-3,36.2,154.2,15.0,496(-10),,,,[東] 増沢末夫,大城敬三,
14,15,5,9,アイルラヴァゲイン,牡6,57.0,松岡正海,1:10.3,ハナ,**,4-3,36.1,6.2,2.0,514(-4),,,,[東] 手塚貴久,齊藤四方司,
15,16,2,3,ロイヤルキャンサー,牡10,51.0,田中克典,1:10.4,3/4,**,8-7,36.0,202.5,16.0,480(+32),,,,[西] 森秀行,井澤健,
0,1,4,8,アーバンストリート,牡5,54.0,福永祐一,1:08.5,,**,13-13,33.9,12.5,7.0,452(+2),,,,[西] 野村彰彦,後藤繁樹,4160.9
1,2,2,4,ソルジャーズソング,牡7,54.0,岩田康誠,1:08.7,1.1/2,**,9-12,34.4,10.3,6.0,520(+6),,,,[西] 鮫島一歩,サンデーレーシング,1617.4
2,3,5,9,モルトグランデ,牡5,54.0,藤田伸二,1:08.7,アタマ,**,9-9,34.5,8.0,4.0,488(+6),,,,[東] 久保田貴,櫻井盛夫,1008.7
3,4,3,5,ヘイローフジ,牝6,54.0,飯田祐史,1:08.7,ハナ,**,14-15,34.0,17.7,8.0,484(-6),,,,[西] 飯田明弘,協和牧場,620.0
4,5,8,15,サープラスシンガー,牡5,56.0,四位洋文,1:08.8,クビ,**,1-1,35.2,6.9,3.0,554(+2),,,,[東] 宗像義忠,青木基秀,410.0
5,6,2,3,サンダルフォン,牡6,53.0,秋山真一,1:08.9,1/2,**,16-16,34.0,94.6,16.0,542(+18),,,,[西] 松永幹夫,ノースヒルズマネジメント,
6,7,6,11,コスモベル,牝5,53.0,佐藤哲三,1:09.0,クビ,**,9-8,34.8,8.9,5.0,460(+4),,,,[西] 西園正都,ビッグレッドファーム,
7,8,4,7,マチカネハヤテ,牝4,51.0,田中克典,1:09.1,3/4,**,2-2,35.2,24.8,10.0,444(-2),,,,[西] 河内洋,細川益男,
8,9,1,1,タケデンノキボー,牡8,53.0,大庭和弥,1:09.2,1/2,**,15-13,34.4,35.4,12.0,510(-6),,,,[東] 奥平雅士,武市弘,
9,10,3,6,プレミアムボックス,牡6,56.0,幸英明,1:09.3,1/2,**,8-9,35.1,28.4,11.0,526(0),,,,[東] 上原博之,社台レースホース,
10,11,7,14,タマモホットプレイ,牡8,55.0,熊沢重文,1:09.3,クビ,**,9-9,35.1,55.8,15.0,484(-4),,,,[西] 南井克巳,タマモ,
11,12,1,2,コパノフウジン,牡7,53.0,藤岡佑介,1:09.4,クビ,**,4-4,35.3,38.6,14.0,466(+10),,,,[西] 宮徹,小林祥晃,
12,13,8,16,アポロフェニックス,牡4,53.0,和田竜二,1:09.4,ハナ,**,4-4,35.4,17.9,9.0,494(+2),,,,[東] 柴崎勇,アポロサラブレッドクラブ,
13,14,6,12,スプリングソング,牡4,57.0,池添謙一,1:09.6,1.1/4,**,4-4,35.6,4.9,1.0,508(+4),,,,[西] 鶴留明雄,吉田照哉,
14,15,5,10,ウエスタンダンサー,牝5,56.0,川田将雅,1:09.6,クビ,**,4-4,35.6,4.9,2.0,498(-2),,,,[西] 崎山博樹,西川賢,
15,16,7,13,アイルラヴァゲイン,牡7,57.0,津村明秀,1:10.4,5,**,2-2,36.6,36.9,13.0,510(+4),,,,[東] 手塚貴久,齊藤四方司,
0,1,6,12,アルティマトゥーレ,牝6,55.5,横山典弘,1:08.1,,**,2-2,33.5,5.9,3.0,484(0),,,,[東] 奥平雅士,社台レースホース,4063.0
1,2,2,3,ショウナンカザン,牡5,56.0,藤田伸二,1:08.4,1.3/4,**,1-1,34.0,6.2,4.0,490(+6),,,,[東] 本間忍,国本哲秀,1618.0
2,3,1,2,シンボリグラン,牡8,54.0,Ｍデムー,1:08.5,3/4,**,7-7,33.6,14.6,6.0,540(+12),,,,[東] 畠山吉宏,シンボリ牧場,1009.0
3,4,4,8,シャウトライン,牡6,56.0,浜中俊,1:08.6,クビ,**,5-5,33.8,19.5,9.0,512(-2),,,,[西] 坂口正大,協和牧場,600.0
4,5,3,6,ラインブラッド,牡4,55.0,福永祐一,1:08.8,1.1/4,**,12-10,33.7,18.5,7.0,504(+6),,,,[西] 領家政蔵,大澤繁昌,400.0
5,6,3,5,プレミアムボックス,牡7,57.5,幸英明,1:08.9,1/2,**,16-15,33.4,8.5,5.0,536(+2),,,,[東] 上原博之,社台レースホース,
6,7,5,9,エーシンエフダンズ,牡6,55.0,小牧太,1:08.9,アタマ,**,7-7,34.0,109.1,16.0,516(+8),,,,[西] 藤岡健一,栄進堂,
7,8,8,16,エイシンタイガー,牡4,57.0,池添謙一,1:08.9,アタマ,**,7-7,33.9,4.3,1.0,500(+4),,,,[西] 西園正都,平井豊光,
8,9,2,4,トウショウカレッジ,牡8,57.0,川田将雅,1:08.9,ハナ,**,14-13,33.6,33.4,12.0,548(+2),,,,[西] 池添兼雄,トウショウ産業,
9,10,8,15,フィールドベアー,牡7,57.0,秋山真一,1:09.0,クビ,**,12-14,33.7,31.3,11.0,498(+4),,,,[西] 野村彰彦,地田勝三,
10,11,1,1,グランプリエンゼル,牝4,55.0,岩田康誠,1:09.0,アタマ,**,3-3,34.3,18.6,8.0,434(+6),,,,[西] 矢作芳人,北側雅司,
11,12,7,14,エノク,牡6,56.0,生野賢一,1:09.3,1.3/4,**,5-5,34.5,33.8,13.0,528(+10),,,,[西] 音無秀孝,サンデーレーシング,
12,13,4,7,アーバンストリート,牡6,55.0,上村洋行,1:09.3,クビ,**,14-15,33.9,63.4,15.0,458(+4),,,,[西] 野村彰彦,後藤繁樹,
13,14,5,10,キルシュブリューテ,牝6,52.0,石橋守,1:09.3,アタマ,**,10-11,34.1,52.2,14.0,488(-10),,,,[東] 和田正道,ローレルレーシング,
14,15,7,13,レディルージュ,牝4,54.0,武豊,1:09.4,3/4,**,3-3,34.7,5.5,2.0,444(-4),,,,[西] 安田隆行,ロードホースクラブ,
15,16,6,11,ドラゴンウェルズ,牡7,55.0,藤岡佑介,1:09.4,ハナ,**,10-11,34.2,29.8,10.0,494(-4),,,,[西] 藤原英昭,窪田芳郎,
0,1,5,9,ジョーカプチーノ,牡5,58.0,藤岡康太,1:08.2,,**,11-10,32.6,2.2,1.0,532(+10),,,,[西] 中竹和也,上田けい子,4058.8
1,2,3,6,アーバニティ,牡7,57.0,四位洋文,1:08.3,1/2,**,12-12,32.6,58.0,14.0,506(-6),,,,[東] 古賀慎明,社台レースホース,1616.8
2,3,4,7,モルトグランデ,牡7,56.0,田辺裕信,1:08.4,3/4,**,8-7,33.1,10.9,4.0,490(+10),,,,[東] 久保田貴,櫻井盛夫,1008.4
3,4,1,2,セイコーライコウ,牡4,54.0,柴田善臣,1:08.5,1/2,**,10-10,33.0,16.7,6.0,490(0),,,,[東] 鈴木康弘,竹國弘,600.0
4,5,4,8,シンボリグラン,牡9,56.0,リスポリ,1:08.6,クビ,**,5-4,33.5,55.1,12.0,550(+4),,,,[東] 畠山吉宏,シンボリ牧場,400.0
5,6,7,14,スカイノダン,牝5,53.0,国分恭介,1:08.7,1/2,**,8-7,33.4,10.4,3.0,458(+2),,,,[西] 大久保龍,江賦晨,
6,7,2,3,スプリングソング,牡6,57.0,池添謙一,1:08.7,クビ,**,3-4,33.7,4.1,2.0,520(0),,,,[西] 鶴留明雄,吉田照哉,
7,8,1,1,サンダルフォン,牡8,57.0,酒井学,1:08.7,ハナ,**,12-12,33.0,34.0,10.0,544(+2),,,,[西] 松永幹夫,ノースヒルズ,
8,9,7,13,ジェイケイセラヴィ,セ7,57.0,藤田伸二,1:08.8,クビ,**,3-2,33.9,13.7,5.0,486(0),,,,[東] 坂本勝美,小谷野次郎,
9,10,8,16,グランプリエンゼル,牝5,54.0,藤岡佑介,1:08.8,クビ,**,16-16,32.7,36.2,11.0,452(+8),,,,[西] 矢作芳人,北側雅司,
10,11,6,12,ファイングレイン,牡8,57.0,幸英明,1:09.0,1,**,15-15,33.0,55.1,13.0,498(+1),,,,[西] 長浜博之,社台レースホース,
11,12,8,15,アーバンストリート,牡7,55.0,Ｍデムー,1:09.1,3/4,**,14-14,33.3,28.4,8.0,458(+4),,,,[西] 野村彰彦,佐藤幸彦,
12,13,6,11,ウエスタンビーナス,牝8,54.0,吉田稔,1:09.1,アタマ,**,2-2,34.2,278.6,16.0,468(-2),,,,[東] 鈴木康弘,西川賢,
13,14,5,10,ウエスタンダンサー,牝7,52.0,川田将雅,1:09.3,1.1/2,**,6-6,34.1,193.8,15.0,504(+2),,,,[西] 崎山博樹,西川賢,
14,15,3,5,ティファニーケイス,牝4,52.0,津村明秀,1:09.4,3/4,**,1-1,34.6,32.8,9.0,480(+4),,,,[西] 藤岡健一,辻牧場,
15,16,2,4,ショウナンカザン,牡6,57.0,小牧太,1:09.7,2,**,6-9,34.4,18.1,7.0,496(+6),,,,[東] 本間忍,国本哲秀,
0,1,4,7,ロードカナロア,牡4,57.0,福永祐一,1:08.3,,**,9-9,33.6,1.4,1.0,500(+2),,,,[西] 安田隆行,ロードホースクラブ,3860.2
1,2,7,13,エーシンダックマン,牡5,57.0,川田将雅,1:08.7,2.1/2,**,1-1,34.6,8.1,2.0,500(+4),,,,[西] 坂口正則,栄進堂,1517.2
2,3,5,10,ケンブリッジエル,牡6,53.0,和田竜二,1:08.7,アタマ,**,12-12,33.7,263.1,16.0,510(0),,,,[西] 山内研二,中西宏彰,958.6
3,4,8,15,ツルマルレオン,牡4,55.0,四位洋文,1:08.7,クビ,**,14-14,33.6,120.6,12.0,522(+12),,,,[西] 橋口弘次,鶴田鈴子,570.0
4,5,7,14,グランプリエンゼル,牝6,54.0,藤岡佑介,1:08.7,ハナ,**,5-6,34.1,19.4,5.0,464(+10),,,,[西] 矢作芳人,北側雅司,380.0
5,6,3,5,キョウワマグナム,牡5,55.0,小牧太,1:08.8,クビ,**,5-7,34.2,32.8,7.0,558(-4),,,,[西] 鶴留明雄,協和牧場,
6,7,6,12,スペシャルハート,牡7,54.0,浜中俊,1:08.8,ハナ,**,12-12,33.8,149.8,14.0,494(-8),,,,[東] 勢司和浩,芹澤精一,
7,8,2,4,マジンプロスパー,牡5,55.0,岩田康誠,1:08.8,ハナ,**,4-3,34.4,32.2,6.0,514(+6),,,,[西] 中尾秀正,佐々木主浩,
8,9,1,2,スギノエンデバー,牡4,55.0,池添謙一,1:08.9,3/4,**,11-11,34.0,55.2,9.0,448(-2),,,,[西] 浅見秀一,杉山美惠,
9,10,1,1,サンダルフォン,牡9,57.5,酒井学,1:09.0,3/4,**,16-16,33.6,42.3,8.0,550(+8),,,,[西] 松永幹夫,ノースヒルズ,
10,11,3,6,ダイワナイト,牡5,54.0,武豊,1:09.1,1/2,**,14-14,33.9,98.3,10.0,530(+10),,,,[東] 池上昌弘,大城敬三,
11,12,5,9,ヘッドライナー,セ8,58.0,幸英明,1:09.2,1/2,**,2-2,34.9,110.9,11.0,512(+20),,,,[西] 西園正都,社台レースホース,
12,13,6,11,アウトクラトール,牡7,56.0,藤岡康太,1:09.3,クビ,**,9-9,34.5,170.7,15.0,496(+12),,,,[西] 宮徹,社台レースホース,
13,14,8,16,アポロフェニックス,牡7,56.0,藤田伸二,1:09.7,2.1/2,**,2-3,35.4,122.2,13.0,496(+8),,,,[東] 柴崎勇,アポロサラブレッドクラブ,
14,15,2,3,エーシンヴァーゴウ,牝5,56.5,田辺裕信,1:09.8,1/2,**,5-7,35.2,9.4,3.0,470(+8),,,,[西] 小崎憲,栄進堂,
15,16,4,8,ダノンフェアリー,牡4,55.0,ルメール,1:09.9,クビ,**,5-5,35.4,12.6,4.0,518(0),,,,[西] 角居勝彦,ダノックス,
0,1,2,4,ドリームバレンチノ,牡6,58.0,松山弘平,1:08.6,,**,4-4,33.3,5.4,2.0,494(+10),,,,[西] 加用正,セゾンレースホース,3860.9
1,2,8,16,ダッシャーゴーゴー,牡6,59.0,川田将雅,1:08.6,ハナ,**,4-4,33.3,7.1,4.0,542(+12),,,,[西] 安田隆行,芦田信,1517.4
2,3,4,8,メイショウデイム,牝6,53.0,国分恭介,1:08.6,クビ,**,4-4,33.3,22.5,11.0,472(+2),,,,[西] 佐山優,松本和子,958.7
3,4,7,14,マジンプロスパー,牡6,58.0,福永祐一,1:08.7,クビ,**,3-3,33.5,11.6,6.0,522(+6),,,,[西] 中尾秀正,佐々木主浩,570.0
4,5,5,9,レジェトウショウ,牝7,52.0,秋山真一,1:08.8,1/2,**,7-7,33.4,171.2,15.0,486(+2),,,,[東] 土田稔,トウショウ産業,380.0
5,6,7,13,エーシンホワイティ,牡6,56.0,小牧太,1:08.8,ハナ,**,11-11,33.0,10.1,5.0,508(-2),,,,[西] 松元茂樹,栄進堂,
6,7,3,6,スギノエンデバー,牡5,57.0,北村友一,1:08.8,ハナ,**,16-14,32.7,12.0,7.0,462(+6),,,,[西] 浅見秀一,杉山美惠,
7,8,5,10,アースソニック,牡4,54.0,太宰啓介,1:08.8,クビ,**,7-8,33.3,16.4,9.0,482(+2),,,,[西] 中竹和也,前田幸治,
8,9,4,7,ニシノビークイック,牡4,54.0,丹内祐次,1:08.9,1/2,**,11-11,33.2,17.5,10.0,488(+4),,,,[西] 河内洋,西山茂行,
9,10,1,2,キングレオポルド,牡6,54.0,浜中俊,1:08.9,ハナ,**,9-8,33.3,48.7,13.0,516(-2),,,,[東] 堀宣行,里見治,
10,11,6,12,ケイアイアストン,牡8,55.0,武豊,1:08.9,アタマ,**,2-2,33.8,130.6,14.0,490(+8),,,,[東] 和田正道,亀田和弘,
11,12,6,11,シゲルスダチ,牡4,55.0,酒井学,1:08.9,クビ,**,14-14,32.9,48.2,12.0,436(+2),,,,[西] 西園正都,森中蕃,
12,13,1,1,アフォード,牡5,54.0,村田一誠,1:09.1,1.1/4,**,9-8,33.6,12.8,8.0,474(+12),,,,[西] 北出成人,前田幸治,
13,14,3,5,サドンストーム,牡4,56.0,池添謙一,1:09.2,クビ,**,13-13,33.3,5.8,3.0,478(0),,,,[西] 西浦勝一,Ｈ．Ｈ．シェイク・ハムダン,
14,15,2,3,アイラブリリ,牝4,53.0,幸英明,1:09.4,1.1/4,**,1-1,34.4,5.2,1.0,436(0),,,,[西] 福島信晴,杉元四男,
15,16,8,15,ルナキッズ,牡7,54.0,国分優作,1:10.1,4,**,14-16,34.0,237.7,16.0,474(+4),,,,[西] 田所秀孝,畑清介,
0,1,1,2,ストレイトガール,牝5,55.0,岩田康誠,1:07.4,,**,5-2,33.0,5.2,2.0,452(+6),,,,[西] 藤原英昭,廣崎利洋,3858.1
1,2,1,1,レディオブオペラ,牝4,55.0,藤田伸二,1:07.8,2.1/2,**,1-1,33.7,1.6,1.0,478(-14),,,,[西] 白井寿昭,Ｈ．Ｈ．シェイク・モハメド,1516.6
2,3,3,6,リトルゲルダ,牝5,53.0,菱田裕二,1:07.8,ハナ,**,7-6,33.3,143.2,13.0,486(+4),,,,[西] 鮫島一歩,栗山良子,958.3
3,4,5,9,マジンプロスパー,牡7,58.5,Ｃ．デム,1:08.2,2.1/2,**,2-2,34.0,16.3,5.0,518(+8),,,,[西] 中尾秀正,佐々木主浩,570.0
4,5,4,7,ワキノブレイブ,牡4,54.0,吉田隼人,1:08.2,アタマ,**,7-8,33.7,86.3,10.0,486(+2),,,,[西] 清水久詞,脇山良之,380.0
5,6,2,3,プレイズエターナル,牡4,55.0,浜中俊,1:08.3,1/2,**,11-9,33.7,7.1,3.0,484(+10),,,,[西] 安田隆行,Ｈ．Ｈ．シェイク・モハメド,
6,7,5,10,サイレントソニック,牝6,53.0,武豊,1:08.3,クビ,**,15-14,33.4,30.8,6.0,458(-2),,,,[東] 国枝栄,細谷典幸,
7,8,6,12,アフォード,牡6,56.0,中舘英二,1:08.5,1.1/4,**,2-5,34.2,33.4,7.0,468(-2),,,,[西] 北出成人,前田幸治,
8,9,3,5,プリンセスメモリー,牝7,54.0,後藤浩輝,1:08.6,1/2,**,13-12,33.9,115.2,12.0,412(+6),,,,[東] 高橋義博,海谷幸司,
9,10,7,13,スギノエンデバー,牡6,57.0,川須栄彦,1:08.6,クビ,**,11-14,33.9,40.1,8.0,470(+10),,,,[西] 浅見秀一,杉山忠国,
10,11,6,11,レオンビスティー,牡5,55.0,バルジュ,1:08.9,1.3/4,**,2-2,34.7,16.0,4.0,502(+2),,,,[西] 矢作芳人,備前島敏子,
11,12,2,4,シュプリームギフト,牝6,54.0,秋山真一,1:09.0,1/2,**,13-12,34.3,105.5,11.0,464(-2),,,,[西] 須貝尚介,サンデーレーシング,
12,13,7,14,ケイアイアストン,牡9,54.0,小牧太,1:09.0,アタマ,**,5-6,34.6,563.0,15.0,480(+2),,,,[東] 和田正道,亀田和弘,
13,14,8,15,ラインブラッド,牡8,54.0,松田大作,1:09.0,クビ,**,15-16,34.0,675.2,16.0,512(-4),,,,[西] 領家政蔵,大澤繁昌,
14,15,4,8,ザッハトルテ,牝7,51.0,松山弘平,1:09.0,ハナ,**,7-9,34.4,264.9,14.0,446(+4),,,,[西] 牧田和弥,永田和彦,
15,16,8,16,テイエムオオタカ,牡6,56.0,和田竜二,1:09.1,1/2,**,7-9,34.5,55.0,9.0,500(-2),,,,[東] 石栗龍彦,竹園正繼,
0,1,2,3,アンバルブライベン,牝6,55.5,田中健,1:07.9,,**,2-1,34.0,4.4,2.0,454(-4),,,,[西] 福島信晴,伊藤信之,3867.9
1,2,1,2,サドンストーム,牡6,56.0,国分優作,1:08.0,3/4,**,13-11,33.3,6.7,3.0,484(-2),,,,[西] 西浦勝一,Ｈ．Ｈ．シェイク・モハメド,1519.4
2,3,8,15,セイコーライコウ,牡8,57.0,藤岡康太,1:08.1,1/2,**,17-14,33.1,36.7,12.0,506(+8),,,,[東] 鈴木康弘,竹國美枝子,959.7
3,4,4,7,ベステゲシェンク,牡5,54.0,川田将雅,1:08.1,クビ,**,13-14,33.3,10.7,4.0,472(+4),,,,[東] 古賀慎明,吉田勝己,570.0
4,5,2,4,バクシンテイオー,牡6,54.0,シュタル,1:08.2,クビ,**,9-6,33.8,12.3,6.0,466(+6),,,,[東] 堀宣行,林正道,380.0
5,6,3,6,ブルーストーン,牝4,51.0,川島信二,1:08.2,クビ,**,6-6,33.9,76.9,16.0,460(-8),,,,[東] 伊藤圭三,Ｈ．Ｈ．シェイク・モハメド,
6,7,1,1,ヘニーハウンド,牡7,56.0,浜中俊,1:08.4,1.1/4,**,4-3,34.3,18.9,9.0,512(+6),,,,[西] 吉村圭司,林正道,
7,8,6,12,スギノエンデバー,牡7,56.0,幸英明,1:08.6,1.1/4,**,16-16,33.7,93.1,17.0,476(+18),,,,[西] 浅見秀一,杉山忠国,
8,9,5,9,エイシンブルズアイ,牡4,56.0,秋山真一,1:08.7,クビ,**,8-9,34.3,3.9,1.0,468(+4),,,,[西] 野中賢二,栄進堂,
9,10,6,11,ルナフォンターナ,牝6,54.0,岩田康誠,1:08.8,1/2,**,12-12,34.1,14.3,7.0,472(0),,,,[西] 池江泰寿,Ｈ．Ｈ．シェイク・モハメド,
10,11,5,10,マジンプロスパー,牡8,58.0,北村友一,1:08.9,1/2,**,4-3,34.8,66.0,14.0,526(+14),,,,[西] 中尾秀正,佐々木主浩,
11,12,7,14,ベルカント,牝4,54.0,藤岡佑介,1:09.2,1.3/4,**,3-3,35.2,11.5,5.0,484(+2),,,,[西] 角田晃一,前田幸治,
12,13,8,16,カオスモス,牡5,56.0,池添謙一,1:09.3,1/2,**,6-6,35.1,18.1,8.0,518(+2),,,,[西] 森秀行,小田吉男,
13,14,7,13,ホウライアキコ,牝4,53.0,和田竜二,1:09.3,クビ,**,9-9,34.8,21.0,10.0,456(0),,,,[西] 南井克巳,小林茂行,
14,15,8,17,メイショウツガル,牡7,54.0,古川吉洋,1:09.4,1/2,**,13-16,34.6,60.6,13.0,488(+14),,,,[西] 武田博,松本好雄,
15,16,3,5,ワキノブレイブ,牡5,56.0,四位洋文,1:09.4,ハナ,**,9-12,34.8,23.8,11.0,502(+8),,,,[西] 清水久詞,脇山良之,
16,17,4,8,ニザエモン,牡7,54.0,松山弘平,1:09.5,3/4,**,1-2,35.6,72.2,15.0,466(-6),,,,[西] 佐々木晶,小田切有一,
0,1,1,1,ダンスディレクター,牡6,57.0,浜中俊,1:07.9,,**,5-3,33.3,4.4,2.0,444(0),,,,[西] 笹田和秀,太田珠々子,3956.7
1,2,4,8,ローレルベローチェ,牡5,56.0,中井裕二,1:08.1,1.1/2,**,1-1,34.4,11.9,5.0,508(+4),,,,[西] 飯田雄三,ローレルレーシング,1616.2
2,3,4,7,ワキノブレイブ,牡6,55.0,小牧太,1:08.4,1.1/2,**,5-6,33.7,90.9,11.0,492(-6),,,,[西] 清水久詞,脇山良之,988.1
3,4,3,6,セカンドテーブル,牡4,54.0,水口優也,1:08.4,ハナ,**,2-2,34.1,68.3,10.0,470(+2),,,,[西] 崎山博樹,山上和良,590.0
4,5,8,16,ビッグアーサー,牡5,57.0,Ｍ．デム,1:08.5,3/4,**,9-10,33.4,2.1,1.0,524(+2),,,,[西] 藤岡健一,中辻明,390.0
5,6,3,5,サトノルパン,牡5,57.5,和田竜二,1:08.5,クビ,**,7-7,33.6,8.2,4.0,452(0),,,,[西] 村山明,里見治,
6,7,5,9,ヒルノデイバロー,牡5,54.0,岩田康誠,1:08.6,1/2,**,16-16,32.6,23.1,7.0,520(+2),,,,[西] 昆貢,ヒルノ,
7,8,2,4,ヤマニンプチガトー,牝7,51.0,村田一誠,1:08.7,クビ,**,11-11,33.5,95.2,12.0,492(+2),,,,[西] 木原一良,土井肇,
8,9,8,15,ネロ,牡5,57.0,内田博幸,1:08.8,1/2,**,4-3,34.3,7.9,3.0,476(+6),,,,[西] 森秀行,西山茂行,
9,10,2,3,リトルゲルダ,牝7,54.0,松山弘平,1:08.8,クビ,**,9-7,33.9,43.8,9.0,504(+4),,,,[西] 鮫島一歩,栗山良子,
10,11,6,11,アースソニック,牡7,57.0,川田将雅,1:08.9,クビ,**,11-12,33.6,16.5,6.0,498(+4),,,,[西] 中竹和也,前田幸治,
11,12,1,2,メイショウツガル,牡8,53.0,鮫島良太,1:09.0,1/2,**,13-14,33.6,335.5,16.0,470(-2),,,,[西] 武田博,松本好雄,
12,13,6,12,ヤサカオディール,牝7,51.0,小崎綾也,1:09.0,ハナ,**,15-15,33.4,297.7,15.0,460(+6),,,,[東] 水野貴広,志邑宣彦,
13,14,7,13,ニンジャ,牡7,53.0,古川吉洋,1:09.2,1.1/4,**,13-12,33.8,121.2,13.0,476(0),,,,[西] 宮徹,ロイヤルパーク,
14,15,7,14,セイコーライコウ,牡9,56.0,秋山真一,1:09.4,1.1/4,**,7-7,34.6,159.6,14.0,490(-2),,,,[東] 竹内正洋,竹國美枝子,
15,16,5,10,アクティブミノル,牡4,56.0,武豊,1:09.8,2.1/2,**,3-3,35.3,23.7,8.0,484(-4),,,,[西] 北出成人,吉岡實,
0,1,5,7,ダンスディレクター,牡7,57.5,武豊,1:07.8,,**,10-9,33.1,6.7,3.0,442(-4),,,,[西] 笹田和秀,太田珠々子,3946.2
1,2,7,11,セイウンコウセイ,牡4,55.0,松田大作,1:07.8,クビ,**,3-3,33.6,7.0,4.0,500(+6),,,,[東] 上原博之,西山茂行,1613.2
2,3,6,9,セカンドテーブル,牡5,56.0,水口優也,1:08.0,1.1/2,**,3-3,33.9,18.6,7.0,486(+2),,,,[西] 崎山博樹,山上和良,986.6
3,4,4,4,ヒルノデイバロー,牡6,54.0,四位洋文,1:08.1,クビ,**,13-12,33.3,23.6,8.0,524(+2),,,,[西] 昆貢,ヒルノ,590.0
4,5,1,1,ラインスピリット,牡6,56.0,森一馬,1:08.1,ハナ,**,9-9,33.5,11.4,6.0,446(0),,,,[西] 松永昌博,大澤繁昌,390.0
5,6,4,5,ソルヴェイグ,牝4,54.0,Ｍ．デム,1:08.3,1.1/2,**,1-1,34.4,3.8,2.0,478(+18),,,,[西] 鮫島一歩,Ｇ１レーシング,
6,7,3,3,アースソニック,牡8,56.0,古川吉洋,1:08.3,アタマ,**,5-5,34.0,89.3,11.0,500(+10),,,,[西] 中竹和也,前田幸治,
7,8,6,8,ダイシンサンダー,牡6,55.0,幸英明,1:08.3,ハナ,**,10-11,33.6,72.1,10.0,506(-2),,,,[西] 須貝尚介,大八木信行,
8,9,5,6,ブラヴィッシモ,牡5,55.0,フォーリ,1:08.5,3/4,**,5-5,34.1,49.7,9.0,514(+12),,,,[西] 須貝尚介,金子真人ホールディングス,
9,10,2,2,テイエムタイホー,牡8,56.0,池添謙一,1:08.5,ハナ,**,12-12,33.7,118.4,12.0,492(-2),,,,[西] 鈴木孝志,竹園正繼,
10,11,7,10,ネロ,牡6,57.5,浜中俊,1:08.6,1/2,**,2-2,34.7,3.0,1.0,482(+4),,,,[西] 森秀行,西山茂行,
11,12,8,13,カオスモス,牡7,54.0,武幸四郎,1:09.5,5,**,5-7,35.1,246.2,13.0,510(+12),,,,[西] 森秀行,小田吉男,
12,13,8,12,ブランボヌール,牝4,54.0,和田竜二,1:09.7,1.1/4,**,5-7,35.3,7.9,5.0,446(0),,,,[西] 中竹和也,前田葉子,
0,1,1,1,ファインニードル,牡5,57.0,川田将雅,1:08.3,,**,3-2,33.9,7.7,4.0,488(+18),,,,[西] 高橋義忠,Ｈ．Ｈ．シェイク・モハメド,3963.0
1,2,4,7,セイウンコウセイ,牡5,58.0,松田大作,1:08.6,2,**,1-1,34.6,9.9,5.0,504(+6),,,,[東] 上原博之,西山茂行,1618.0
2,3,2,4,フミノムーン,牡6,55.0,国分優作,1:08.7,クビ,**,15-13,33.4,92.6,15.0,458(+4),,,,[西] 西浦勝一,谷二,989.0
3,4,7,13,カラクレナイ,牝4,54.0,池添謙一,1:08.7,ハナ,**,11-11,33.7,7.5,3.0,498(-2),,,,[西] 松下武士,吉田照哉,590.0
4,5,7,15,ナックビーナス,牝5,54.0,勝浦正樹,1:08.7,クビ,**,3-4,34.3,10.4,6.0,524(+2),,,,[東] 杉浦宏昭,小松欣也,390.0
5,6,2,3,グレイトチャーター,牡6,54.0,和田竜二,1:08.8,1/2,**,7-6,34.2,30.4,12.0,506(0),,,,[西] 鮫島一歩,ノースヒルズ,
6,7,3,6,セカンドテーブル,牡6,56.0,水口優也,1:09.0,3/4,**,9-9,34.2,16.5,7.0,482(-2),,,,[西] 崎山博樹,山上和良,
7,8,5,9,キングハート,牡5,56.0,中谷雄太,1:09.0,ハナ,**,5-4,34.5,26.0,11.0,498(+16),,,,[東] 星野忍,増田陽一,
8,9,6,12,タマモブリリアン,牝5,52.0,古川吉洋,1:09.0,ハナ,**,7-8,34.3,213.2,17.0,476(+6),,,,[西] 南井克巳,タマモ,
9,10,8,17,ロードクエスト,牡5,57.0,三浦皇成,1:09.1,1/2,**,15-13,33.9,20.4,10.0,466(+2),,,,[東] 小島茂之,ロードホースクラブ,
10,11,1,2,アレスバローズ,牡6,54.0,Ｍ．デム,1:09.1,ハナ,**,11-11,34.2,4.9,2.0,504(+14),,,,[西] 角田晃一,猪熊広次,
11,12,6,11,ユキノアイオロス,セ10,53.0,川島信二,1:09.1,ハナ,**,18-17,33.7,328.1,18.0,492(+4),,,,[東] 和田正道,井上基之,
12,13,7,14,ミッキーラブソング,牡7,56.0,松山弘平,1:09.3,1.1/4,**,9-9,34.5,50.8,13.0,466(-2),,,,[西] 橋口慎介,野田みづき,
13,14,3,5,アットザシーサイド,牝5,53.0,四位洋文,1:09.6,1.3/4,**,13-13,34.4,19.4,9.0,446(+4),,,,[西] 浅見秀一,吉田照哉,
14,15,5,10,ニシケンモノノフ,牡7,57.5,横山典弘,1:09.7,3/4,**,15-18,34.3,19.4,8.0,514(+7),,,,[西] 庄野靖志,西森鶴,
15,16,4,8,ダイアナヘイロー,牝5,55.0,武豊,1:09.7,クビ,**,2-2,35.4,3.9,1.0,478(+2),,,,[西] 福島信晴,駒秀,
16,17,8,18,ナリタスターワン,牡6,55.0,幸英明,1:09.8,1/2,**,5-6,35.3,193.8,16.0,476(0),,,,[西] 高橋亮,オースミ,
17,18,8,16,ラインミーティア,牡8,57.0,西田雄一,1:09.8,クビ,**,13-13,34.6,91.6,14.0,484(+8),,,,[東] 水野貴広,大澤繁昌,
