,着順,枠番,馬番,馬名,性齢,斤量,騎手,上り,単勝,人気,調教師,馬主,rank_0,rank_1,second,first_half,weight,diff
0,1,5,8,フラワーパーク,牝5,54.0,田原成貴,33.7,5.0,4.0,[西] 松元省一,吉田勝己,2,2,67.6,33.89999999999999,468,2
1,2,6,9,ドージマムテキ,牡7,57.0,的場均,33.6,13.0,5.0,[西] 森秀行,堂島和夫,5,3,67.7,34.1,494,2
2,3,4,6,ヒシアケボノ,牡5,57.0,角田晃一,34.0,3.4,1.0,[西] 佐山優,阿部雅一郎,2,1,67.9,33.900000000000006,556,-4
3,4,2,2,ヤマニンパラダイス,牝5,54.0,武豊,34.3,4.5,3.0,[西] 浅見国一,土井商事,6,5,68.5,34.2,476,8
4,5,8,13,イサミサクラ,牝5,54.0,佐藤哲三,34.3,205.2,12.0,[西] 領家政蔵,前田哲郎,10,7,68.7,34.400000000000006,440,-4
5,6,3,3,ライデンリーダー,牝5,54.0,安藤勝己,33.9,15.4,6.0,[地] 荒川友司,水野俊一,13,13,68.9,35.00000000000001,460,-16
6,7,1,1,エイユーギャル,牝5,54.0,岸滋彦,34.7,59.8,10.0,[西] 古川平,笹部義則,10,8,69.2,34.5,466,4
7,8,6,10,ニホンピロプリンス,牡8,58.0,小林徹弥,34.6,17.6,7.0,[西] 目野哲也,小林百太郎,9,11,69.2,34.6,456,2
8,9,4,5,トーワウィナー,牡7,57.0,藤田伸二,35.1,20.9,8.0,[西] 佐山優,斉藤一郎,6,8,69.5,34.4,522,12
9,10,7,12,トウショウルーイ,牡6,57.0,幸英明,35.1,165.0,11.0,[東] 奥平真治,トウショウ産業,6,8,69.5,34.4,522,-8
10,11,3,4,キタサンサイレンス,牝5,54.0,野元昭嘉,35.1,329.5,13.0,[西] 野元昭,大野商事,10,12,69.8,34.699999999999996,452,-2
11,12,7,11,エイシンワシントン,牡6,57.0,熊沢重文,35.9,4.2,2.0,[西] 内藤繁春,平井豊光,4,5,70.0,34.1,486,-10
12,13,5,7,スリーコース,牝6,55.0,南井克巳,37.0,36.5,9.0,[西] 橋本寿正,永井商事,1,3,70.8,33.8,474,4
14,1,2,4,エイシンバーリン,牝6,56.0,南井克巳,33.4,35.9,8.0,[西] 坂口正則,平井豊光,1,1,66.9,33.50000000000001,454,10
15,2,1,1,ビコーペガサス,牡7,58.0,上村洋行,33.4,10.7,3.0,[西] 柳田次男,レジェンド,9,6,67.6,34.199999999999996,436,4
16,3,3,6,シンコウキング,牡7,57.0,橋本広喜,33.6,13.8,4.0,[東] 藤沢和雄,安田修,5,4,67.6,33.99999999999999,468,-4
17,4,5,10,フラワーパーク,牝6,57.0,田原成貴,33.8,1.4,1.0,[西] 松元省一,吉田勝己,2,2,67.6,33.8,476,0
18,5,2,3,エイティグロー,牡6,57.0,常石勝義,33.5,46.1,10.0,[西] 中尾正,前田篤久,12,10,67.9,34.400000000000006,442,4
19,6,8,15,ヤマニンパラダイス,牝6,55.0,石橋守,33.9,14.9,5.0,[西] 浅見秀一,土井商事,6,6,68.1,34.199999999999996,478,0
20,7,7,13,ゴールデンカラーズ,牝5,54.0,塩村克己,32.9,42.1,9.0,[西] 中村好夫,中村寛俊,16,16,68.2,35.300000000000004,488,10
21,8,8,16,アベルクイーン,牝6,55.0,村本善之,33.6,220.2,15.0,[西] 新川恵,杵臼牧場,12,13,68.2,34.6,456,4
22,9,3,5,キングアドマイヤ,牡6,57.0,藤田伸二,33.7,17.1,6.0,[西] 小林稔,近藤利一,12,13,68.3,34.599999999999994,482,-2
23,10,5,9,キッスパシオン,牝5,54.0,小林徹弥,34.0,170.1,14.0,[西] 清水出美,小谷津延弘,11,12,68.4,34.400000000000006,480,4
24,11,4,8,イブキパーシヴ,牝5,54.0,高橋亮,34.3,95.7,13.0,[西] 橋口弘次,伊吹,6,6,68.4,34.10000000000001,434,-2
25,12,4,7,レザームーン,牡6,57.0,四位洋文,34.1,29.6,7.0,[西] 高橋隆,齊藤四方司,9,10,68.4,34.300000000000004,538,-2
26,13,6,12,マチカネジンダイコ,牡7,57.0,和田竜二,33.9,82.1,11.0,[西] 柴田光陽,細川益男,15,13,68.6,34.699999999999996,490,0
27,14,7,14,ニシノファイナル,牝5,54.0,菊沢隆仁,34.4,309.2,16.0,[西] 松田正弘,西山牧場,6,9,68.6,34.199999999999996,428,-4
28,15,6,11,ヒシアケボノ,牡6,58.0,河内洋,35.2,9.1,2.0,[西] 佐山優,阿部雅一郎,2,2,69.0,33.8,576,6
29,16,1,2,メイショウサムライ,牡7,57.0,武幸四郎,35.2,87.0,12.0,[西] 武邦彦,松本好雄,4,4,69.1,33.89999999999999,464,-24
30,1,1,1,シーキングザパール,牝5,56.0,武豊,34.6,6.5,4.0,[西] 森秀行,植中昌子,8,7,68.6,33.99999999999999,466,-2
31,2,2,2,マサラッキ,牡6,57.0,河内洋,34.8,3.8,2.0,[西] 増本豊,丸井正貴,4,4,68.6,33.8,476,-2
32,3,8,12,シンコウフォレスト,牡6,57.0,四位洋文,35.5,15.4,7.0,[東] 栗田博憲,安田修,2,2,68.7,33.2,516,2
33,4,7,10,スギノハヤカゼ,牡6,59.0,田島裕和,35.0,6.5,3.0,[西] 鹿戸幸治,杉江義夫,7,4,68.9,33.900000000000006,476,-2
34,5,5,6,ホッコービューティ,牝5,54.0,武幸四郎,34.6,31.9,8.0,[西] 橋本寿正,矢部幸一,10,11,69.0,34.4,464,2
35,5,8,11,エイシンバーリン,牝7,56.0,南井克巳,35.7,12.2,6.0,[西] 坂口正則,平井豊光,2,3,69.0,33.3,460,16
36,7,5,5,ワシントンカラー,牡5,56.0,菊沢隆徳,35.3,9.1,5.0,[東] 松山康久,テンジン,4,4,69.1,33.8,502,-2
37,8,7,9,ドージマムテキ,牡9,57.0,村本善之,35.0,158.1,11.0,[西] 森秀行,吉田照哉,10,10,69.2,34.2,504,-5
38,9,6,8,ザゴールド,牡6,57.0,牧田和弥,35.5,193.2,12.0,[西] 中村好夫,ジョイ・レースホース,4,7,69.3,33.8,492,0
39,10,3,3,センタームービング,牡7,57.0,小林徹弥,35.0,94.1,9.0,[西] 目野哲也,中野優,12,11,69.5,34.5,468,2
40,11,6,7,キョウエイマーチ,牝5,56.0,松永幹夫,36.4,2.6,1.0,[西] 野村彰彦,松岡正雄,1,1,69.5,33.1,498,0
41,12,4,4,ジェットアラウンド,牡5,56.0,熊沢重文,36.2,156.2,10.0,[西] 池江泰郎,ロイヤルファーム,8,9,70.2,34.0,492,0
42,1,8,14,マイネルラヴ,牡5,57.0,松永幹夫,34.9,5.3,2.0,[東] 稲葉隆一,サラブレッドクラブ・ラフィアン,4,3,68.7,33.800000000000004,506,0
43,2,2,2,アグネスワールド,牡5,56.0,横山典弘,35.0,6.0,3.0,[西] 森秀行,渡辺孝男,5,5,69.0,34.0,512,-4
44,3,6,10,サウンドワールド,牡5,56.0,松田大作,35.6,13.2,4.0,[西] 崎山博樹,増田雄一,1,1,69.2,33.6,468,-2
45,4,4,6,メイショウアヤメ,牝5,54.0,飯田祐史,35.1,131.7,11.0,[西] 飯田明弘,松本好雄,8,8,69.3,34.199999999999996,424,2
46,5,8,13,シンコウフォレスト,牡7,58.0,四位洋文,35.6,53.7,8.0,[東] 栗田博憲,安田修,2,3,69.3,33.699999999999996,530,14
47,6,4,5,マサラッキ,牡7,58.0,藤田伸二,35.2,14.3,5.0,[西] 増本豊,丸井正貴,5,6,69.3,34.099999999999994,480,-4
48,7,5,8,シンワビューティー,牝5,54.0,安藤勝己,34.0,139.5,12.0,[地] 柴田高志,若尾明,14,14,69.4,35.400000000000006,472,2
49,8,3,3,チアズサイレンス,牡7,57.0,本田優,34.6,63.2,9.0,[西] 山内研二,北村キヨ子,10,10,69.4,34.800000000000004,504,4
50,9,1,1,フサイチヒロシ,牡7,57.0,河北通,34.5,245.5,14.0,[西] 小野幸治,関口房朗,11,11,69.5,35.0,518,-6
51,10,7,11,トキオパーフェクト,牡5,56.0,蛯名正義,35.9,1.6,1.0,[東] 古賀史生,坂田時雄,2,2,69.6,33.699999999999996,450,-6
52,11,5,7,ライトバウア,牡6,57.0,高橋亮,34.7,116.0,10.0,[西] 橋口弘次,社台レースホース,11,12,69.6,34.89999999999999,504,6
53,12,3,4,セレクトグリーン,牡5,56.0,幸英明,35.6,26.1,6.0,[西] 音無秀孝,グリーンファーム,5,6,69.6,33.99999999999999,502,-12
54,13,6,9,ロードフェイス,牡5,56.0,加藤和宏,34.7,33.0,7.0,[東] 藤沢和雄,ロードホースクラブ,11,12,69.7,35.0,504,-8
55,14,7,12,ジェットアラウンド,牡6,57.0,村本善之,35.8,191.7,13.0,[西] 池江泰郎,ロイヤルファーム,8,9,70.2,34.400000000000006,494,-2
56,1,8,13,ブロードアピール,牝7,55.0,武幸四郎,34.5,9.1,4.0,[西] 松田国英,金子真人,12,12,69.5,35.0,466,-2
57,2,5,8,トロットスター,牡5,56.0,河内洋,35.1,21.4,6.0,[東] 中野栄治,高野稔,10,8,69.7,34.6,450,-14
58,3,6,10,タイキダイヤ,牝5,54.0,福永祐一,35.7,2.5,1.0,[東] 田中清隆,大樹ファーム,3,2,69.7,34.0,474,10
59,4,6,9,マイネルラヴ,牡6,59.0,横山典弘,35.8,2.8,2.0,[東] 稲葉隆一,サラブレッドクラブ・ラフィアン,4,2,69.8,34.0,512,-2
60,5,5,7,ダイタクカミカゼ,牡8,57.0,高橋亮,34.8,69.5,9.0,[西] 橋口弘次,中村和子,14,13,70.0,35.2,470,-2
61,6,7,12,イズミサクセス,牡6,57.0,塩村克己,35.5,528.9,14.0,[東] 本郷一彦,斉藤猛,9,8,70.1,34.599999999999994,448,16
62,7,1,1,ジョンカラノテガミ,牡6,57.0,角田晃一,36.2,34.5,7.0,[東] 阿部新生,千田幸信,4,5,70.3,34.099999999999994,506,-6
63,8,8,14,ジョープロテクター,牡7,57.0,安藤勝己,36.2,10.2,5.0,[西] 柴田光陽,上田けい子,7,6,70.5,34.3,508,0
64,9,4,6,タヤスブルーム,牝5,54.0,飯田祐史,35.9,70.3,10.0,[西] 山内研二,横瀬寛一,10,11,70.6,34.699999999999996,446,-4
65,10,2,2,スピードスター,牡8,57.0,上村洋行,35.6,102.7,11.0,[西] 長浜博之,ヤブウチ,12,13,70.6,34.99999999999999,496,0
66,11,4,5,シンボリスウォード,牡6,57.0,藤田伸二,37.2,6.4,3.0,[東] 藤沢和雄,シンボリ牧場,2,1,71.1,33.89999999999999,494,-6
67,12,7,11,ハートマン,牡8,57.0,松永幹夫,36.9,35.2,8.0,[西] 加用正,誓山正伸,4,6,71.1,34.199999999999996,484,14
68,13,3,3,リザーブユアハート,牡5,56.0,小屋敷昭,37.4,298.2,12.0,[西] 白井寿昭,前田幸治,1,2,71.2,33.800000000000004,474,42
69,14,3,4,マイネルヒーロー,牡8,57.0,池添謙一,37.1,358.5,13.0,[東] 稲葉隆一,サラブレッドクラブ・ラフィアン,8,8,71.5,34.4,512,6
70,1,2,2,トロットスター,牡5,58.0,蛯名正義,34.2,1.8,1.0,[東] 中野栄治,高野稔,8,7,68.7,34.5,446,0
71,2,5,7,タイキトレジャー,牡5,57.0,横山典弘,34.5,2.7,2.0,[東] 藤沢和雄,大樹ファーム,5,4,68.7,34.2,470,0
72,3,5,8,ツルマルザムライ,牡5,57.0,福永祐一,34.7,33.7,5.0,[西] 橋口弘次,鶴田任男,5,4,68.9,34.2,458,4
73,4,3,3,ゲイリーフラッシュ,牡8,57.0,小林徹弥,34.3,61.9,10.0,[西] 安田伊佐,東京サラブレッドビューロー,8,9,68.9,34.60000000000001,438,0
74,5,6,10,イソノウイナー,牡7,57.0,飯田祐史,33.7,35.3,6.0,[西] 清水久雄,磯野俊雄,14,14,69.1,35.39999999999999,446,0
75,6,6,9,サイキョウサンデー,牡5,57.0,河内洋,34.8,42.2,8.0,[西] 坂口正大,奥本賢一郎,5,7,69.2,34.400000000000006,482,2
76,7,3,4,ラヴィエベル,牝4,55.0,佐藤哲三,34.3,255.7,12.0,[東] 高松邦男,伊達秀和,13,13,69.4,35.10000000000001,458,-8
77,8,7,11,バーガンディレッド,牝5,55.0,上村洋行,34.8,53.1,9.0,[東] 鈴木伸尋,キャロットファーム,8,9,69.4,34.60000000000001,468,4
78,9,7,12,テネシーガール,牝4,55.0,武幸四郎,35.5,8.6,3.0,[西] 坪正直,平井豊光,1,1,69.4,33.900000000000006,494,0
79,10,8,13,フレンチパッション,牝5,55.0,原田聖二,35.4,41.7,7.0,[西] 福島信晴,吉田修,4,4,69.5,34.1,462,4
80,11,4,6,ジョープロテクター,牡7,57.0,古川吉洋,34.8,445.6,14.0,[西] 柴田光陽,上田けい子,11,12,69.6,34.8,508,4
81,12,4,5,フェイマスケイ,牡7,57.0,池添謙一,35.1,167.9,11.0,[東] 嶋田潤,永嶋啓治,11,9,69.8,34.699999999999996,496,-2
82,13,1,1,ダンツキャスト,牡4,57.0,幸英明,35.9,18.0,4.0,[西] 谷潔,山元哲二,2,2,69.8,33.9,512,0
83,14,8,14,キーゴールド,牡6,57.0,内田浩一,36.1,275.1,13.0,[西] 宮徹,北前米子,2,2,70.1,33.99999999999999,510,16
84,1,2,4,ゲイリーフラッシュ,牡9,52.0,小林徹弥,34.4,97.5,14.0,[西] 安田伊佐,東京サラブレッドビューロー,5,3,68.7,34.300000000000004,446,2
85,2,5,10,サイキョウサンデー,牡6,55.0,四位洋文,34.3,4.4,2.0,[西] 坂口正大,奥本賢一郎,8,7,68.8,34.5,486,0
86,3,4,8,アイティースワロー,セ5,53.0,太宰啓介,34.8,28.2,10.0,[西] 柴田光陽,井門敏雄,2,2,68.8,34.0,486,4
87,4,4,7,ナムラマイカ,牝5,51.0,渡辺薫彦,35.0,26.1,9.0,[西] 福島信晴,奈村信重,1,1,68.9,33.900000000000006,454,2
88,5,1,2,タイキダイヤ,牝6,53.0,秋山真一,34.5,21.5,8.0,[東] 田中清隆,大樹ファーム,5,7,68.9,34.400000000000006,478,4
89,6,7,14,トロットスター,牡6,59.5,蛯名正義,34.3,2.7,1.0,[東] 中野栄治,高野稔,11,9,69.0,34.7,452,8
90,7,8,15,ノボリユキオー,牡6,54.0,福永祐一,34.8,11.5,5.0,[西] 瀬戸口勉,原田豊,5,6,69.1,34.3,460,-2
91,8,3,5,ジョンカラノテガミ,牡7,56.0,佐藤哲三,34.3,7.4,3.0,[東] 阿部新生,千田幸信,14,13,69.2,34.900000000000006,512,4
92,9,3,6,リキアイタイカン,牡4,55.0,山田泰誠,34.5,11.6,6.0,[西] 松田正弘,高山幸雄,13,13,69.3,34.8,482,0
93,10,6,12,キタサンチャンネル,牡4,54.0,小牧太,34.7,10.4,4.0,[西] 橋口弘次,大野商事,9,9,69.3,34.599999999999994,490,-4
94,11,2,3,フサイチオーレ,牡4,53.0,和田竜二,34.7,31.0,11.0,[西] 森秀行,関口房朗,11,9,69.4,34.7,446,4
95,12,8,16,ロッキーアピール,牡4,52.0,松永幹夫,35.0,16.4,7.0,[西] 松田国英,金子真人,9,9,69.5,34.5,480,2
96,13,1,1,スニーカー,牝6,49.0,川島信二,34.7,33.0,12.0,[東] 鈴木伸尋,飯田正剛,14,13,69.6,34.89999999999999,446,4
97,14,5,9,ケイワンバイキング,セ9,54.0,池添謙一,34.6,74.6,13.0,[東] 奥平真治,北村和哉,16,16,69.8,35.199999999999996,446,-10
98,15,6,11,フレンチパッション,牝6,49.0,原田聖二,35.9,142.4,15.0,[西] 福島信晴,吉田修,2,5,70.0,34.1,456,4
99,16,7,13,ラムジェットシチー,牡6,54.0,飯田祐史,36.0,171.5,16.0,[西] 佐々木晶,友駿ホースクラブ,2,3,70.1,34.099999999999994,524,4
100,1,5,8,テイエムサンデー,牡7,54.0,秋山真一,33.3,12.4,6.0,[西] 福島勝,竹園正繼,12,11,68.6,35.3,500,-2
101,2,6,10,カフェボストニアン,牡4,55.0,松永幹夫,34.4,4.4,2.0,[東] 松山康久,西川清,1,1,68.7,34.300000000000004,526,-12
102,3,5,7,サニングデール,牡4,57.0,福永祐一,34.1,2.1,1.0,[西] 瀬戸口勉,後藤繁樹,6,7,68.9,34.800000000000004,456,4
103,4,8,14,ゴールデンロドリゴ,牡6,56.0,佐藤哲三,34.5,9.1,4.0,[西] 飯田雄三,山住れい子,2,2,68.9,34.400000000000006,502,2
104,5,7,12,リキアイタイカン,牡5,57.5,四位洋文,34.3,8.7,3.0,[西] 松田正弘,高山幸雄,6,3,69.1,34.8,500,4
105,6,7,11,テイエムサウスポー,牡5,54.0,太宰啓介,34.4,109.1,11.0,[西] 柴田光陽,竹園正繼,3,3,69.1,34.699999999999996,528,6
106,7,3,3,スターエルドラード,牡4,54.0,ボニヤ,34.7,46.1,9.0,[西] 森秀行,新木正夫,3,3,69.3,34.599999999999994,476,0
107,8,4,5,ニホンピロハーレー,牡7,54.0,和田竜二,34.3,10.2,5.0,[西] 田所秀孝,小林百太郎,10,7,69.4,35.10000000000001,508,4
108,9,4,6,マヤノトライミー,牡7,50.0,安部幸夫,33.8,174.3,13.0,[西] 坂口正大,田所祐,14,13,69.4,35.60000000000001,460,0
109,10,8,13,ジョーディシラオキ,牝6,51.0,小坂忠士,34.5,175.9,14.0,[西] 松田国英,大成牧場,6,7,69.5,35.0,464,4
110,11,3,4,キシュウファンタジ,牝6,49.0,黒岩悠,34.5,111.3,12.0,[西] 吉岡八郎,木村善一,9,10,69.6,35.099999999999994,490,0
111,12,2,2,ダンツキャスト,牡6,54.0,小牧太,34.5,29.0,8.0,[西] 谷潔,山元哲二,10,11,69.7,35.2,506,-8
112,13,1,1,ナリタダイドウ,牡6,54.0,池添謙一,34.2,85.8,10.0,[西] 中尾謙太,山路秀則,12,13,69.7,35.5,464,18
113,14,6,9,ナムラマイカ,牝6,52.0,幸英明,35.2,17.9,7.0,[西] 福島信晴,奈村信重,3,3,69.8,34.599999999999994,452,-2
114,1,6,11,キーンランドスワン,牡5,56.0,スボリッ,33.8,3.4,1.0,[西] 森秀行,平井豊光,5,4,68.6,34.8,488,-2
115,2,4,8,サーガノヴェル,牝5,54.0,岩田康誠,33.7,19.4,9.0,[東] 古賀史生,前田幸治,7,7,68.7,35.0,486,-2
116,3,3,5,サニングデール,牡5,57.5,福永祐一,33.4,11.3,6.0,[西] 瀬戸口勉,後藤繁樹,9,9,68.7,35.300000000000004,452,2
117,4,8,15,トーセンオリオン,牡4,54.0,安藤光彰,34.3,10.9,5.0,[東] 萩原清,島川隆哉,2,2,68.8,34.5,468,2
118,5,8,16,サダムブルースカイ,牡5,55.0,角田晃一,34.2,21.8,10.0,[西] 中村均,大西定,2,4,68.8,34.599999999999994,536,6
119,6,5,9,ゴールデンロドリゴ,牡7,56.0,四位洋文,33.3,17.3,8.0,[西] 飯田雄三,山住れい子,11,11,68.9,35.60000000000001,506,0
120,7,2,3,ドローアウター,牡4,54.0,松永幹夫,34.6,6.0,3.0,[西] 山本正司,前田幸治,1,1,69.0,34.4,536,6
121,8,7,14,ナムラマイカ,牝7,52.0,古川吉洋,34.2,43.8,11.0,[西] 福島信晴,奈村信重,5,6,69.0,34.8,468,6
122,9,1,2,ワンダフルデイズ,牡4,55.0,川原正一,33.2,5.8,2.0,[西] 武田博,前田幸治,14,13,69.1,35.89999999999999,502,4
123,10,5,10,モンパルナス,牝4,53.0,佐藤哲三,34.6,12.1,7.0,[西] 坪憲章,角田哲男,2,2,69.1,34.49999999999999,436,-4
124,11,1,1,フィールドスパート,牡6,53.0,小林徹弥,34.3,129.5,13.0,[西] 山内研二,地田勝三,7,7,69.3,35.0,548,-2
125,12,4,7,ゴールデンキャスト,牡4,54.0,幸英明,33.4,6.6,4.0,[西] 橋口弘次,前田幸治,14,11,69.3,35.9,480,6
126,13,6,12,リキアイタイカン,牡6,56.5,竹之下智,33.6,46.5,12.0,[西] 松田正弘,高山幸雄,12,13,69.4,35.800000000000004,500,0
127,14,2,4,ニホンピロハーレー,牡8,53.0,渡辺薫彦,33.5,278.0,16.0,[西] 服部利之,小林百太郎,16,15,69.6,36.099999999999994,500,8
128,15,7,13,ナリタダイドウ,牡7,52.0,常石勝義,34.2,148.7,14.0,[西] 中尾謙太,山路秀則,9,9,69.6,35.39999999999999,466,2
129,16,3,6,トウショウリープ,牡7,53.0,小池隆生,33.9,182.5,15.0,[東] 大久保洋,トウショウ産業,13,15,69.8,35.9,494,0
130,1,4,8,プレシャスカフェ,牡6,58.0,蛯名正義,33.7,1.9,1.0,[東] 小島太,西川清,6,5,68.1,34.39999999999999,498,2
131,2,6,12,ギャラントアロー,牡5,58.0,幸英明,34.0,17.3,6.0,[西] 崎山博樹,冨沢敦子,3,3,68.2,34.2,500,2
132,3,3,6,トップパシコ,牡5,53.0,高山太郎,34.3,27.4,10.0,[東] 佐藤全弘,酒井芳秀,1,1,68.2,33.900000000000006,512,0
133,4,5,10,リミットレスビッド,牡6,56.0,武幸四郎,34.3,4.5,2.0,[西] 加用正,社台レースホース,2,2,68.4,34.10000000000001,506,4
134,5,1,2,ドリームカムカム,牝7,54.0,大西直宏,34.2,25.2,8.0,[東] 国枝栄,飯田正剛,3,3,68.4,34.2,470,-4
135,6,7,14,ゴールデンキャスト,牡5,57.0,小牧太,34.2,16.4,5.0,[西] 橋口弘次,前田幸治,6,5,68.6,34.39999999999999,496,4
136,7,4,7,キングオブサンデー,牡9,53.0,藤岡佑介,33.7,387.1,16.0,[西] 森秀行,鈴木義孝,13,11,68.6,34.89999999999999,496,20
137,8,6,11,コンコルディア,牝4,53.0,松永幹夫,34.2,14.5,4.0,[西] 安田隆行,サンデーレーシング,10,11,68.8,34.599999999999994,486,-2
138,9,3,5,ゲイリーファントム,牡6,52.0,川島信二,34.2,286.1,15.0,[西] 鶴留明雄,東京サラブレッドビューロー,10,9,68.8,34.599999999999994,544,0
139,10,8,16,マルターズヒート,牝4,52.0,川原正一,34.3,54.6,12.0,[西] 坂口正則,藤田与志男,6,5,68.8,34.5,484,0
140,11,1,1,ナイキアヘッド,牡6,55.0,安藤勝己,34.7,12.3,3.0,[東] 古賀史生,小野誠治,3,8,68.9,34.2,494,-6
141,12,7,13,サダムブルースカイ,牡6,54.0,長谷川浩,34.2,114.3,13.0,[西] 中村均,大西定,13,14,69.0,34.8,528,10
142,13,2,4,マルターズホーク,牡8,52.0,小林徹弥,33.9,261.3,14.0,[東] 手塚貴久,藤田与志男,16,16,69.0,35.1,500,2
143,14,5,9,ゴールデンロドリゴ,牡8,56.0,赤木高太,34.3,40.8,11.0,[西] 飯田雄三,山住れい子,13,14,69.1,34.8,510,4
144,15,2,3,キーンランドスワン,牡6,57.0,藤田伸二,34.8,23.5,7.0,[西] 森秀行,平井豊光,6,11,69.3,34.5,490,6
145,16,8,15,シルヴァーゼット,牡4,54.0,池添謙一,34.6,25.9,9.0,[西] 田所清広,林儀信,10,9,69.3,34.699999999999996,522,6
146,1,6,11,タマモホットプレイ,牡5,56.0,渡辺薫彦,34.1,9.0,4.0,[西] 南井克巳,タマモ,5,6,68.9,34.800000000000004,474,-2
147,2,6,12,マイネルアルビオン,牡4,54.0,武幸四郎,34.1,10.0,7.0,[東] 畠山吉宏,サラブレッドクラブ・ラフィアン,5,6,68.9,34.800000000000004,540,-6
148,3,7,14,アイルラヴァゲイン,牡4,55.0,安藤勝己,34.5,3.2,1.0,[東] 手塚貴久,齊藤四方司,3,3,69.0,34.5,508,4
149,4,2,3,コパノフウジン,牡4,55.0,佐藤哲三,34.5,7.6,2.0,[西] 宮徹,小林祥晃,3,3,69.0,34.5,474,2
150,5,8,16,タイキジリオン,牡6,55.0,ペリエ,34.3,18.2,10.0,[西] 安田隆行,大樹ファーム,5,6,69.0,34.7,484,-10
151,6,3,5,ディープサマー,牡4,55.0,岩田康誠,34.6,13.1,8.0,[西] 山内研二,深見敏男,2,2,69.0,34.4,488,-2
152,7,5,10,ナイキアヘッド,牡7,54.0,秋山真一,34.2,127.0,14.0,[東] 古賀史生,小野誠治,10,10,69.2,35.0,498,-4
153,8,8,15,エイシンヘーベ,牝5,53.0,小牧太,34.3,17.3,9.0,[西] 藤岡健一,平井豊光,10,10,69.2,34.900000000000006,446,-4
154,9,5,9,カネツテンビー,牝7,53.0,津村明秀,34.1,9.4,6.0,[東] 武藤善則,カネツ牧場,14,14,69.2,35.1,494,0
155,10,7,13,ロイヤルキャンサー,牡8,53.0,川島信二,34.2,203.5,15.0,[西] 森秀行,井澤健,14,14,69.3,35.099999999999994,468,6
156,11,3,6,キーンランドスワン,牡7,57.5,四位洋文,34.7,9.1,5.0,[西] 森秀行,平井豊光,5,5,69.4,34.7,488,0
157,12,2,4,ギャラントアロー,牡6,58.0,幸英明,35.1,8.5,3.0,[西] 崎山博樹,冨沢敦子,1,1,69.5,34.4,512,8
158,13,4,7,ブルーショットガン,牡7,54.0,松永幹夫,34.6,23.8,11.0,[西] 武宏平,荻伏レーシング・クラブ,10,10,69.5,34.9,452,0
159,14,4,8,アグネスウイング,牡6,56.0,熊沢重文,34.8,94.5,13.0,[西] 白井寿昭,渡辺孝男,10,10,69.8,35.0,478,4
160,15,1,1,ナゾ,牝8,51.0,安部幸夫,35.3,65.7,12.0,[西] 佐々木晶,小田切有一,5,6,70.0,34.7,438,0
161,16,1,2,ゲイリーファントム,牡7,51.0,佐久間寛,34.9,245.9,16.0,[西] 鶴留明雄,東京サラブレッドビューロー,14,14,70.2,35.300000000000004,554,-4
162,1,6,12,エムオーウイナー,牡6,55.0,小牧太,34.0,11.4,7.0,[西] 服部利之,大浅貢,4,3,67.8,33.8,522,6
163,2,2,4,タマモホットプレイ,牡6,57.0,渡辺薫彦,33.7,7.2,3.0,[西] 南井克巳,タマモ,9,8,68.0,34.3,478,2
164,3,8,15,ビーナスライン,牝6,54.0,秋山真一,33.9,7.5,4.0,[東] 堀宣行,ターフ・スポート,7,8,68.0,34.1,466,8
165,4,5,9,アンバージャック,牡4,57.0,松岡正海,34.0,3.7,1.0,[東] 中野隆良,日進牧場,7,4,68.1,34.099999999999994,516,-2
166,5,1,2,サチノスイーティー,牝4,52.0,吉田隼人,34.1,10.7,6.0,[東] 平井雄二,佐藤幸彦,4,7,68.1,33.99999999999999,444,-8
167,6,7,14,コスモシンドラー,牡5,55.0,武幸四郎,33.7,8.3,5.0,[西] 加用正,ビッグレッドファーム,13,13,68.2,34.5,504,0
168,7,2,3,ディバインシルバー,牡9,55.0,穂苅寿彦,34.7,179.2,16.0,[東] 和田正道,櫻井正,1,1,68.2,33.5,494,9
169,8,7,13,ナリタシークレット,牝5,51.0,川田将雅,34.7,19.1,8.0,[西] 木原一良,オースミ,2,2,68.3,33.599999999999994,472,4
170,9,4,8,エイシンボーダン,牡6,54.0,ルメール,33.8,94.0,13.0,[西] 鮫島一歩,平井豊光,13,13,68.4,34.60000000000001,494,2
171,10,5,10,コスモフォーチュン,牝5,53.0,角田晃一,34.7,48.6,12.0,[西] 宮徹,ビッグレッドファーム,3,4,68.6,33.89999999999999,472,-10
172,11,4,7,スピニングノアール,牡6,56.0,上村洋行,34.1,5.0,2.0,[西] 長浜博之,畑佐博,15,13,68.7,34.6,484,8
173,12,6,11,マルカキセキ,牡6,57.0,福永祐一,34.3,34.3,11.0,[西] 瀬戸口勉,河長産業,9,10,68.7,34.400000000000006,536,8
174,13,1,1,リキアイタイカン,牡9,55.0,和田竜二,34.4,142.5,15.0,[東] 阿部新生,高山幸雄,9,10,68.8,34.4,506,14
175,14,3,6,コパノフウジン,牡5,56.0,鮫島良太,34.7,22.4,9.0,[西] 宮徹,小林祥晃,6,6,68.8,34.099999999999994,474,16
176,15,3,5,タガノバスティーユ,牡4,54.0,池添謙一,34.1,31.7,10.0,[西] 池添兼雄,八木良司,16,16,69.2,35.1,518,0
177,16,8,16,カフェボストニアン,牡8,54.0,四位洋文,35.3,109.1,14.0,[東] 松山康久,西川光一,9,10,69.6,34.3,526,-14
178,1,1,1,ファイングレイン,牡5,56.0,幸英明,34.0,6.5,3.0,[西] 長浜博之,社台レースホース,15,12,69.1,35.099999999999994,500,6
179,2,7,13,コパノフウジン,牡6,54.0,藤岡佑介,34.7,65.4,11.0,[西] 宮徹,小林祥晃,8,9,69.3,34.599999999999994,476,4
180,3,8,15,ステキシンスケクン,牡5,56.0,岩田康誠,34.6,11.2,5.0,[西] 森秀行,榮義則,10,10,69.3,34.699999999999996,470,2
181,4,3,5,リキアイタイカン,牡10,53.0,池添謙一,34.4,68.1,12.0,[東] 阿部新生,高山幸雄,13,15,69.5,35.1,510,8
182,5,7,14,サイキョウワールド,牡6,54.0,四位洋文,34.3,23.6,9.0,[西] 坂口正大,奥本賢一郎,15,15,69.5,35.2,472,4
183,6,5,10,プリンセスルシータ,牝6,52.0,川田将雅,35.2,17.8,8.0,[西] 松田国英,吉田照哉,7,7,69.6,34.39999999999999,456,2
184,7,8,16,テイエムアクション,牡7,55.0,橋本美純,34.9,118.1,14.0,[西] 岩元市三,竹園正繼,10,10,69.6,34.699999999999996,520,24
185,8,4,8,マルカキセキ,牡7,56.0,福永祐一,34.8,81.8,13.0,[西] 増本豊,河長産業,13,12,69.7,34.900000000000006,512,-2
186,9,3,6,ペールギュント,牡6,57.5,ルメール,35.6,9.1,4.0,[西] 橋口弘次,サンデーレーシング,4,3,69.8,34.199999999999996,526,0
187,10,6,12,アストンマーチャン,牝4,56.0,武豊,36.3,2.5,1.0,[西] 石坂正,戸佐眞弓,1,1,70.0,33.7,484,2
188,11,2,4,クールシャローン,牝4,53.0,長谷川浩,35.9,11.6,6.0,[西] 目野哲也,川上哲司,4,3,70.1,34.199999999999996,492,-4
189,12,4,7,テイエムノブシオー,牡5,54.0,武幸四郎,36.3,16.7,7.0,[西] 新川恵,竹園正繼,2,2,70.2,33.900000000000006,516,0
190,13,1,2,アグネスラズベリ,牝7,54.0,角田晃一,35.4,24.6,10.0,[西] 西浦勝一,渡辺孝男,10,12,70.3,34.9,518,12
191,14,6,11,ダイワメンフィス,牡7,53.0,秋山真一,36.2,154.2,15.0,[東] 増沢末夫,大城敬三,3,3,70.3,34.099999999999994,496,-10
192,15,5,9,アイルラヴァゲイン,牡6,57.0,松岡正海,36.1,6.2,2.0,[東] 手塚貴久,齊藤四方司,4,3,70.3,34.199999999999996,514,-4
193,16,2,3,ロイヤルキャンサー,牡10,51.0,田中克典,36.0,202.5,16.0,[西] 森秀行,井澤健,8,7,70.4,34.400000000000006,480,32
194,1,4,8,アーバンストリート,牡5,54.0,福永祐一,33.9,12.5,7.0,[西] 野村彰彦,後藤繁樹,13,13,68.5,34.6,452,2
195,2,2,4,ソルジャーズソング,牡7,54.0,岩田康誠,34.4,10.3,6.0,[西] 鮫島一歩,サンデーレーシング,9,12,68.7,34.300000000000004,520,6
196,3,5,9,モルトグランデ,牡5,54.0,藤田伸二,34.5,8.0,4.0,[東] 久保田貴,櫻井盛夫,9,9,68.7,34.2,488,6
197,4,3,5,ヘイローフジ,牝6,54.0,飯田祐史,34.0,17.7,8.0,[西] 飯田明弘,協和牧場,14,15,68.7,34.7,484,-6
198,5,8,15,サープラスシンガー,牡5,56.0,四位洋文,35.2,6.9,3.0,[東] 宗像義忠,青木基秀,1,1,68.8,33.599999999999994,554,2
199,6,2,3,サンダルフォン,牡6,53.0,秋山真一,34.0,94.6,16.0,[西] 松永幹夫,ノースヒルズマネジメント,16,16,68.9,34.900000000000006,542,18
200,7,6,11,コスモベル,牝5,53.0,佐藤哲三,34.8,8.9,5.0,[西] 西園正都,ビッグレッドファーム,9,8,69.0,34.2,460,4
201,8,4,7,マチカネハヤテ,牝4,51.0,田中克典,35.2,24.8,10.0,[西] 河内洋,細川益男,2,2,69.1,33.89999999999999,444,-2
202,9,1,1,タケデンノキボー,牡8,53.0,大庭和弥,34.4,35.4,12.0,[東] 奥平雅士,武市弘,15,13,69.2,34.800000000000004,510,-6
203,10,3,6,プレミアムボックス,牡6,56.0,幸英明,35.1,28.4,11.0,[東] 上原博之,社台レースホース,8,9,69.3,34.199999999999996,526,0
204,11,7,14,タマモホットプレイ,牡8,55.0,熊沢重文,35.1,55.8,15.0,[西] 南井克巳,タマモ,9,9,69.3,34.199999999999996,484,-4
205,12,1,2,コパノフウジン,牡7,53.0,藤岡佑介,35.3,38.6,14.0,[西] 宮徹,小林祥晃,4,4,69.4,34.10000000000001,466,10
206,13,8,16,アポロフェニックス,牡4,53.0,和田竜二,35.4,17.9,9.0,[東] 柴崎勇,アポロサラブレッドクラブ,4,4,69.4,34.00000000000001,494,2
207,14,6,12,スプリングソング,牡4,57.0,池添謙一,35.6,4.9,1.0,[西] 鶴留明雄,吉田照哉,4,4,69.6,33.99999999999999,508,4
208,15,5,10,ウエスタンダンサー,牝5,56.0,川田将雅,35.6,4.9,2.0,[西] 崎山博樹,西川賢,4,4,69.6,33.99999999999999,498,-2
209,16,7,13,アイルラヴァゲイン,牡7,57.0,津村明秀,36.6,36.9,13.0,[東] 手塚貴久,齊藤四方司,2,2,70.4,33.800000000000004,510,4
210,1,6,12,アルティマトゥーレ,牝6,55.5,横山典弘,33.5,5.9,3.0,[東] 奥平雅士,社台レースホース,2,2,68.1,34.599999999999994,484,0
211,2,2,3,ショウナンカザン,牡5,56.0,藤田伸二,34.0,6.2,4.0,[東] 本間忍,国本哲秀,1,1,68.4,34.400000000000006,490,6
212,3,1,2,シンボリグラン,牡8,54.0,Ｍデムー,33.6,14.6,6.0,[東] 畠山吉宏,シンボリ牧場,7,7,68.5,34.9,540,12
213,4,4,8,シャウトライン,牡6,56.0,浜中俊,33.8,19.5,9.0,[西] 坂口正大,協和牧場,5,5,68.6,34.8,512,-2
214,5,3,6,ラインブラッド,牡4,55.0,福永祐一,33.7,18.5,7.0,[西] 領家政蔵,大澤繁昌,12,10,68.8,35.099999999999994,504,6
215,6,3,5,プレミアムボックス,牡7,57.5,幸英明,33.4,8.5,5.0,[東] 上原博之,社台レースホース,16,15,68.9,35.50000000000001,536,2
216,7,5,9,エーシンエフダンズ,牡6,55.0,小牧太,34.0,109.1,16.0,[西] 藤岡健一,栄進堂,7,7,68.9,34.900000000000006,516,8
217,8,8,16,エイシンタイガー,牡4,57.0,池添謙一,33.9,4.3,1.0,[西] 西園正都,平井豊光,7,7,68.9,35.00000000000001,500,4
218,9,2,4,トウショウカレッジ,牡8,57.0,川田将雅,33.6,33.4,12.0,[西] 池添兼雄,トウショウ産業,14,13,68.9,35.300000000000004,548,2
219,10,8,15,フィールドベアー,牡7,57.0,秋山真一,33.7,31.3,11.0,[西] 野村彰彦,地田勝三,12,14,69.0,35.3,498,4
220,11,1,1,グランプリエンゼル,牝4,55.0,岩田康誠,34.3,18.6,8.0,[西] 矢作芳人,北側雅司,3,3,69.0,34.7,434,6
221,12,7,14,エノク,牡6,56.0,生野賢一,34.5,33.8,13.0,[西] 音無秀孝,サンデーレーシング,5,5,69.3,34.8,528,10
222,13,4,7,アーバンストリート,牡6,55.0,上村洋行,33.9,63.4,15.0,[西] 野村彰彦,後藤繁樹,14,15,69.3,35.4,458,4
223,14,5,10,キルシュブリューテ,牝6,52.0,石橋守,34.1,52.2,14.0,[東] 和田正道,ローレルレーシング,10,11,69.3,35.199999999999996,488,-10
224,15,7,13,レディルージュ,牝4,54.0,武豊,34.7,5.5,2.0,[西] 安田隆行,ロードホースクラブ,3,3,69.4,34.7,444,-4
225,16,6,11,ドラゴンウェルズ,牡7,55.0,藤岡佑介,34.2,29.8,10.0,[西] 藤原英昭,窪田芳郎,10,11,69.4,35.2,494,-4
226,1,5,9,ジョーカプチーノ,牡5,58.0,藤岡康太,32.6,2.2,1.0,[西] 中竹和也,上田けい子,11,10,68.2,35.6,532,10
227,2,3,6,アーバニティ,牡7,57.0,四位洋文,32.6,58.0,14.0,[東] 古賀慎明,社台レースホース,12,12,68.3,35.699999999999996,506,-6
228,3,4,7,モルトグランデ,牡7,56.0,田辺裕信,33.1,10.9,4.0,[東] 久保田貴,櫻井盛夫,8,7,68.4,35.300000000000004,490,10
229,4,1,2,セイコーライコウ,牡4,54.0,柴田善臣,33.0,16.7,6.0,[東] 鈴木康弘,竹國弘,10,10,68.5,35.5,490,0
230,5,4,8,シンボリグラン,牡9,56.0,リスポリ,33.5,55.1,12.0,[東] 畠山吉宏,シンボリ牧場,5,4,68.6,35.099999999999994,550,4
231,6,7,14,スカイノダン,牝5,53.0,国分恭介,33.4,10.4,3.0,[西] 大久保龍,江賦晨,8,7,68.7,35.300000000000004,458,2
232,7,2,3,スプリングソング,牡6,57.0,池添謙一,33.7,4.1,2.0,[西] 鶴留明雄,吉田照哉,3,4,68.7,35.0,520,0
233,8,1,1,サンダルフォン,牡8,57.0,酒井学,33.0,34.0,10.0,[西] 松永幹夫,ノースヒルズ,12,12,68.7,35.7,544,2
234,9,7,13,ジェイケイセラヴィ,セ7,57.0,藤田伸二,33.9,13.7,5.0,[東] 坂本勝美,小谷野次郎,3,2,68.8,34.9,486,0
235,10,8,16,グランプリエンゼル,牝5,54.0,藤岡佑介,32.7,36.2,11.0,[西] 矢作芳人,北側雅司,16,16,68.8,36.099999999999994,452,8
236,11,6,12,ファイングレイン,牡8,57.0,幸英明,33.0,55.1,13.0,[西] 長浜博之,社台レースホース,15,15,69.0,36.0,498,1
237,12,8,15,アーバンストリート,牡7,55.0,Ｍデムー,33.3,28.4,8.0,[西] 野村彰彦,佐藤幸彦,14,14,69.1,35.8,458,4
238,13,6,11,ウエスタンビーナス,牝8,54.0,吉田稔,34.2,278.6,16.0,[東] 鈴木康弘,西川賢,2,2,69.1,34.89999999999999,468,-2
239,14,5,10,ウエスタンダンサー,牝7,52.0,川田将雅,34.1,193.8,15.0,[西] 崎山博樹,西川賢,6,6,69.3,35.199999999999996,504,2
240,15,3,5,ティファニーケイス,牝4,52.0,津村明秀,34.6,32.8,9.0,[西] 藤岡健一,辻牧場,1,1,69.4,34.800000000000004,480,4
241,16,2,4,ショウナンカザン,牡6,57.0,小牧太,34.4,18.1,7.0,[東] 本間忍,国本哲秀,6,9,69.7,35.300000000000004,496,6
242,1,4,7,ロードカナロア,牡4,57.0,福永祐一,33.6,1.4,1.0,[西] 安田隆行,ロードホースクラブ,9,9,68.3,34.699999999999996,500,2
243,2,7,13,エーシンダックマン,牡5,57.0,川田将雅,34.6,8.1,2.0,[西] 坂口正則,栄進堂,1,1,68.7,34.1,500,4
244,3,5,10,ケンブリッジエル,牡6,53.0,和田竜二,33.7,263.1,16.0,[西] 山内研二,中西宏彰,12,12,68.7,35.0,510,0
245,4,8,15,ツルマルレオン,牡4,55.0,四位洋文,33.6,120.6,12.0,[西] 橋口弘次,鶴田鈴子,14,14,68.7,35.1,522,12
246,5,7,14,グランプリエンゼル,牝6,54.0,藤岡佑介,34.1,19.4,5.0,[西] 矢作芳人,北側雅司,5,6,68.7,34.6,464,10
247,6,3,5,キョウワマグナム,牡5,55.0,小牧太,34.2,32.8,7.0,[西] 鶴留明雄,協和牧場,5,7,68.8,34.599999999999994,558,-4
248,7,6,12,スペシャルハート,牡7,54.0,浜中俊,33.8,149.8,14.0,[東] 勢司和浩,芹澤精一,12,12,68.8,35.0,494,-8
249,8,2,4,マジンプロスパー,牡5,55.0,岩田康誠,34.4,32.2,6.0,[西] 中尾秀正,佐々木主浩,4,3,68.8,34.4,514,6
250,9,1,2,スギノエンデバー,牡4,55.0,池添謙一,34.0,55.2,9.0,[西] 浅見秀一,杉山美惠,11,11,68.9,34.900000000000006,448,-2
251,10,1,1,サンダルフォン,牡9,57.5,酒井学,33.6,42.3,8.0,[西] 松永幹夫,ノースヒルズ,16,16,69.0,35.4,550,8
252,11,3,6,ダイワナイト,牡5,54.0,武豊,33.9,98.3,10.0,[東] 池上昌弘,大城敬三,14,14,69.1,35.199999999999996,530,10
253,12,5,9,ヘッドライナー,セ8,58.0,幸英明,34.9,110.9,11.0,[西] 西園正都,社台レースホース,2,2,69.2,34.300000000000004,512,20
254,13,6,11,アウトクラトール,牡7,56.0,藤岡康太,34.5,170.7,15.0,[西] 宮徹,社台レースホース,9,9,69.3,34.8,496,12
255,14,8,16,アポロフェニックス,牡7,56.0,藤田伸二,35.4,122.2,13.0,[東] 柴崎勇,アポロサラブレッドクラブ,2,3,69.7,34.300000000000004,496,8
256,15,2,3,エーシンヴァーゴウ,牝5,56.5,田辺裕信,35.2,9.4,3.0,[西] 小崎憲,栄進堂,5,7,69.8,34.599999999999994,470,8
257,16,4,8,ダノンフェアリー,牡4,55.0,ルメール,35.4,12.6,4.0,[西] 角居勝彦,ダノックス,5,5,69.9,34.50000000000001,518,0
258,1,2,4,ドリームバレンチノ,牡6,58.0,松山弘平,33.3,5.4,2.0,[西] 加用正,セゾンレースホース,4,4,68.6,35.3,494,10
259,2,8,16,ダッシャーゴーゴー,牡6,59.0,川田将雅,33.3,7.1,4.0,[西] 安田隆行,芦田信,4,4,68.6,35.3,542,12
260,3,4,8,メイショウデイム,牝6,53.0,国分恭介,33.3,22.5,11.0,[西] 佐山優,松本和子,4,4,68.6,35.3,472,2
261,4,7,14,マジンプロスパー,牡6,58.0,福永祐一,33.5,11.6,6.0,[西] 中尾秀正,佐々木主浩,3,3,68.7,35.2,522,6
262,5,5,9,レジェトウショウ,牝7,52.0,秋山真一,33.4,171.2,15.0,[東] 土田稔,トウショウ産業,7,7,68.8,35.4,486,2
263,6,7,13,エーシンホワイティ,牡6,56.0,小牧太,33.0,10.1,5.0,[西] 松元茂樹,栄進堂,11,11,68.8,35.8,508,-2
264,7,3,6,スギノエンデバー,牡5,57.0,北村友一,32.7,12.0,7.0,[西] 浅見秀一,杉山美惠,16,14,68.8,36.099999999999994,462,6
265,8,5,10,アースソニック,牡4,54.0,太宰啓介,33.3,16.4,9.0,[西] 中竹和也,前田幸治,7,8,68.8,35.5,482,2
266,9,4,7,ニシノビークイック,牡4,54.0,丹内祐次,33.2,17.5,10.0,[西] 河内洋,西山茂行,11,11,68.9,35.7,488,4
267,10,1,2,キングレオポルド,牡6,54.0,浜中俊,33.3,48.7,13.0,[東] 堀宣行,里見治,9,8,68.9,35.60000000000001,516,-2
268,11,6,12,ケイアイアストン,牡8,55.0,武豊,33.8,130.6,14.0,[東] 和田正道,亀田和弘,2,2,68.9,35.10000000000001,490,8
269,12,6,11,シゲルスダチ,牡4,55.0,酒井学,32.9,48.2,12.0,[西] 西園正都,森中蕃,14,14,68.9,36.00000000000001,436,2
270,13,1,1,アフォード,牡5,54.0,村田一誠,33.6,12.8,8.0,[西] 北出成人,前田幸治,9,8,69.1,35.49999999999999,474,12
271,14,3,5,サドンストーム,牡4,56.0,池添謙一,33.3,5.8,3.0,[西] 西浦勝一,Ｈ．Ｈ．シェイク・ハムダン,13,13,69.2,35.900000000000006,478,0
272,15,2,3,アイラブリリ,牝4,53.0,幸英明,34.4,5.2,1.0,[西] 福島信晴,杉元四男,1,1,69.4,35.00000000000001,436,0
273,16,8,15,ルナキッズ,牡7,54.0,国分優作,34.0,237.7,16.0,[西] 田所秀孝,畑清介,14,16,70.1,36.099999999999994,474,4
274,1,1,2,ストレイトガール,牝5,55.0,岩田康誠,33.0,5.2,2.0,[西] 藤原英昭,廣崎利洋,5,2,67.4,34.400000000000006,452,6
275,2,1,1,レディオブオペラ,牝4,55.0,藤田伸二,33.7,1.6,1.0,[西] 白井寿昭,Ｈ．Ｈ．シェイク・モハメド,1,1,67.8,34.099999999999994,478,-14
276,3,3,6,リトルゲルダ,牝5,53.0,菱田裕二,33.3,143.2,13.0,[西] 鮫島一歩,栗山良子,7,6,67.8,34.5,486,4
277,4,5,9,マジンプロスパー,牡7,58.5,Ｃ．デム,34.0,16.3,5.0,[西] 中尾秀正,佐々木主浩,2,2,68.2,34.2,518,8
278,5,4,7,ワキノブレイブ,牡4,54.0,吉田隼人,33.7,86.3,10.0,[西] 清水久詞,脇山良之,7,8,68.2,34.5,486,2
279,6,2,3,プレイズエターナル,牡4,55.0,浜中俊,33.7,7.1,3.0,[西] 安田隆行,Ｈ．Ｈ．シェイク・モハメド,11,9,68.3,34.599999999999994,484,10
280,7,5,10,サイレントソニック,牝6,53.0,武豊,33.4,30.8,6.0,[東] 国枝栄,細谷典幸,15,14,68.3,34.9,458,-2
281,8,6,12,アフォード,牡6,56.0,中舘英二,34.2,33.4,7.0,[西] 北出成人,前田幸治,2,5,68.5,34.3,468,-2
282,9,3,5,プリンセスメモリー,牝7,54.0,後藤浩輝,33.9,115.2,12.0,[東] 高橋義博,海谷幸司,13,12,68.6,34.699999999999996,412,6
283,10,7,13,スギノエンデバー,牡6,57.0,川須栄彦,33.9,40.1,8.0,[西] 浅見秀一,杉山忠国,11,14,68.6,34.699999999999996,470,10
284,11,6,11,レオンビスティー,牡5,55.0,バルジュ,34.7,16.0,4.0,[西] 矢作芳人,備前島敏子,2,2,68.9,34.2,502,2
285,12,2,4,シュプリームギフト,牝6,54.0,秋山真一,34.3,105.5,11.0,[西] 須貝尚介,サンデーレーシング,13,12,69.0,34.7,464,-2
286,13,7,14,ケイアイアストン,牡9,54.0,小牧太,34.6,563.0,15.0,[東] 和田正道,亀田和弘,5,6,69.0,34.4,480,2
287,14,8,15,ラインブラッド,牡8,54.0,松田大作,34.0,675.2,16.0,[西] 領家政蔵,大澤繁昌,15,16,69.0,35.0,512,-4
288,15,4,8,ザッハトルテ,牝7,51.0,松山弘平,34.4,264.9,14.0,[西] 牧田和弥,永田和彦,7,9,69.0,34.6,446,4
289,16,8,16,テイエムオオタカ,牡6,56.0,和田竜二,34.5,55.0,9.0,[東] 石栗龍彦,竹園正繼,7,9,69.1,34.599999999999994,500,-2
290,1,2,3,アンバルブライベン,牝6,55.5,田中健,34.0,4.4,2.0,[西] 福島信晴,伊藤信之,2,1,67.9,33.900000000000006,454,-4
291,2,1,2,サドンストーム,牡6,56.0,国分優作,33.3,6.7,3.0,[西] 西浦勝一,Ｈ．Ｈ．シェイク・モハメド,13,11,68.0,34.7,484,-2
292,3,8,15,セイコーライコウ,牡8,57.0,藤岡康太,33.1,36.7,12.0,[東] 鈴木康弘,竹國美枝子,17,14,68.1,34.99999999999999,506,8
293,4,4,7,ベステゲシェンク,牡5,54.0,川田将雅,33.3,10.7,4.0,[東] 古賀慎明,吉田勝己,13,14,68.1,34.8,472,4
294,5,2,4,バクシンテイオー,牡6,54.0,シュタル,33.8,12.3,6.0,[東] 堀宣行,林正道,9,6,68.2,34.400000000000006,466,6
295,6,3,6,ブルーストーン,牝4,51.0,川島信二,33.9,76.9,16.0,[東] 伊藤圭三,Ｈ．Ｈ．シェイク・モハメド,6,6,68.2,34.300000000000004,460,-8
296,7,1,1,ヘニーハウンド,牡7,56.0,浜中俊,34.3,18.9,9.0,[西] 吉村圭司,林正道,4,3,68.4,34.10000000000001,512,6
297,8,6,12,スギノエンデバー,牡7,56.0,幸英明,33.7,93.1,17.0,[西] 浅見秀一,杉山忠国,16,16,68.6,34.89999999999999,476,18
298,9,5,9,エイシンブルズアイ,牡4,56.0,秋山真一,34.3,3.9,1.0,[西] 野中賢二,栄進堂,8,9,68.7,34.400000000000006,468,4
299,10,6,11,ルナフォンターナ,牝6,54.0,岩田康誠,34.1,14.3,7.0,[西] 池江泰寿,Ｈ．Ｈ．シェイク・モハメド,12,12,68.8,34.699999999999996,472,0
300,11,5,10,マジンプロスパー,牡8,58.0,北村友一,34.8,66.0,14.0,[西] 中尾秀正,佐々木主浩,4,3,68.9,34.10000000000001,526,14
301,12,7,14,ベルカント,牝4,54.0,藤岡佑介,35.2,11.5,5.0,[西] 角田晃一,前田幸治,3,3,69.2,34.0,484,2
302,13,8,16,カオスモス,牡5,56.0,池添謙一,35.1,18.1,8.0,[西] 森秀行,小田吉男,6,6,69.3,34.199999999999996,518,2
303,14,7,13,ホウライアキコ,牝4,53.0,和田竜二,34.8,21.0,10.0,[西] 南井克巳,小林茂行,9,9,69.3,34.5,456,0
304,15,8,17,メイショウツガル,牡7,54.0,古川吉洋,34.6,60.6,13.0,[西] 武田博,松本好雄,13,16,69.4,34.800000000000004,488,14
305,16,3,5,ワキノブレイブ,牡5,56.0,四位洋文,34.8,23.8,11.0,[西] 清水久詞,脇山良之,9,12,69.4,34.60000000000001,502,8
306,17,4,8,ニザエモン,牡7,54.0,松山弘平,35.6,72.2,15.0,[西] 佐々木晶,小田切有一,1,2,69.5,33.9,466,-6
307,1,1,1,ダンスディレクター,牡6,57.0,浜中俊,33.3,4.4,2.0,[西] 笹田和秀,太田珠々子,5,3,67.9,34.60000000000001,444,0
308,2,4,8,ローレルベローチェ,牡5,56.0,中井裕二,34.4,11.9,5.0,[西] 飯田雄三,ローレルレーシング,1,1,68.1,33.699999999999996,508,4
309,3,4,7,ワキノブレイブ,牡6,55.0,小牧太,33.7,90.9,11.0,[西] 清水久詞,脇山良之,5,6,68.4,34.7,492,-6
310,4,3,6,セカンドテーブル,牡4,54.0,水口優也,34.1,68.3,10.0,[西] 崎山博樹,山上和良,2,2,68.4,34.300000000000004,470,2
311,5,8,16,ビッグアーサー,牡5,57.0,Ｍ．デム,33.4,2.1,1.0,[西] 藤岡健一,中辻明,9,10,68.5,35.1,524,2
312,6,3,5,サトノルパン,牡5,57.5,和田竜二,33.6,8.2,4.0,[西] 村山明,里見治,7,7,68.5,34.9,452,0
313,7,5,9,ヒルノデイバロー,牡5,54.0,岩田康誠,32.6,23.1,7.0,[西] 昆貢,ヒルノ,16,16,68.6,35.99999999999999,520,2
314,8,2,4,ヤマニンプチガトー,牝7,51.0,村田一誠,33.5,95.2,12.0,[西] 木原一良,土井肇,11,11,68.7,35.2,492,2
315,9,8,15,ネロ,牡5,57.0,内田博幸,34.3,7.9,3.0,[西] 森秀行,西山茂行,4,3,68.8,34.5,476,6
316,10,2,3,リトルゲルダ,牝7,54.0,松山弘平,33.9,43.8,9.0,[西] 鮫島一歩,栗山良子,9,7,68.8,34.9,504,4
317,11,6,11,アースソニック,牡7,57.0,川田将雅,33.6,16.5,6.0,[西] 中竹和也,前田幸治,11,12,68.9,35.300000000000004,498,4
318,12,1,2,メイショウツガル,牡8,53.0,鮫島良太,33.6,335.5,16.0,[西] 武田博,松本好雄,13,14,69.0,35.4,470,-2
319,13,6,12,ヤサカオディール,牝7,51.0,小崎綾也,33.4,297.7,15.0,[東] 水野貴広,志邑宣彦,15,15,69.0,35.6,460,6
320,14,7,13,ニンジャ,牡7,53.0,古川吉洋,33.8,121.2,13.0,[西] 宮徹,ロイヤルパーク,13,12,69.2,35.400000000000006,476,0
321,15,7,14,セイコーライコウ,牡9,56.0,秋山真一,34.6,159.6,14.0,[東] 竹内正洋,竹國美枝子,7,7,69.4,34.800000000000004,490,-2
322,16,5,10,アクティブミノル,牡4,56.0,武豊,35.3,23.7,8.0,[西] 北出成人,吉岡實,3,3,69.8,34.5,484,-4
323,1,5,7,ダンスディレクター,牡7,57.5,武豊,33.1,6.7,3.0,[西] 笹田和秀,太田珠々子,10,9,67.8,34.699999999999996,442,-4
324,2,7,11,セイウンコウセイ,牡4,55.0,松田大作,33.6,7.0,4.0,[東] 上原博之,西山茂行,3,3,67.8,34.199999999999996,500,6
325,3,6,9,セカンドテーブル,牡5,56.0,水口優也,33.9,18.6,7.0,[西] 崎山博樹,山上和良,3,3,68.0,34.1,486,2
326,4,4,4,ヒルノデイバロー,牡6,54.0,四位洋文,33.3,23.6,8.0,[西] 昆貢,ヒルノ,13,12,68.1,34.8,524,2
327,5,1,1,ラインスピリット,牡6,56.0,森一馬,33.5,11.4,6.0,[西] 松永昌博,大澤繁昌,9,9,68.1,34.599999999999994,446,0
328,6,4,5,ソルヴェイグ,牝4,54.0,Ｍ．デム,34.4,3.8,2.0,[西] 鮫島一歩,Ｇ１レーシング,1,1,68.3,33.9,478,18
329,7,3,3,アースソニック,牡8,56.0,古川吉洋,34.0,89.3,11.0,[西] 中竹和也,前田幸治,5,5,68.3,34.3,500,10
330,8,6,8,ダイシンサンダー,牡6,55.0,幸英明,33.6,72.1,10.0,[西] 須貝尚介,大八木信行,10,11,68.3,34.699999999999996,506,-2
331,9,5,6,ブラヴィッシモ,牡5,55.0,フォーリ,34.1,49.7,9.0,[西] 須貝尚介,金子真人ホールディングス,5,5,68.5,34.4,514,12
332,10,2,2,テイエムタイホー,牡8,56.0,池添謙一,33.7,118.4,12.0,[西] 鈴木孝志,竹園正繼,12,12,68.5,34.8,492,-2
333,11,7,10,ネロ,牡6,57.5,浜中俊,34.7,3.0,1.0,[西] 森秀行,西山茂行,2,2,68.6,33.89999999999999,482,4
334,12,8,13,カオスモス,牡7,54.0,武幸四郎,35.1,246.2,13.0,[西] 森秀行,小田吉男,5,7,69.5,34.4,510,12
335,13,8,12,ブランボヌール,牝4,54.0,和田竜二,35.3,7.9,5.0,[西] 中竹和也,前田葉子,5,7,69.7,34.400000000000006,446,0
336,1,1,1,ファインニードル,牡5,57.0,川田将雅,33.9,7.7,4.0,[西] 高橋義忠,Ｈ．Ｈ．シェイク・モハメド,3,2,68.3,34.4,488,18
337,2,4,7,セイウンコウセイ,牡5,58.0,松田大作,34.6,9.9,5.0,[東] 上原博之,西山茂行,1,1,68.6,33.99999999999999,504,6
338,3,2,4,フミノムーン,牡6,55.0,国分優作,33.4,92.6,15.0,[西] 西浦勝一,谷二,15,13,68.7,35.300000000000004,458,4
339,4,7,13,カラクレナイ,牝4,54.0,池添謙一,33.7,7.5,3.0,[西] 松下武士,吉田照哉,11,11,68.7,35.0,498,-2
340,5,7,15,ナックビーナス,牝5,54.0,勝浦正樹,34.3,10.4,6.0,[東] 杉浦宏昭,小松欣也,3,4,68.7,34.400000000000006,524,2
341,6,2,3,グレイトチャーター,牡6,54.0,和田竜二,34.2,30.4,12.0,[西] 鮫島一歩,ノースヒルズ,7,6,68.8,34.599999999999994,506,0
342,7,3,6,セカンドテーブル,牡6,56.0,水口優也,34.2,16.5,7.0,[西] 崎山博樹,山上和良,9,9,69.0,34.8,482,-2
343,8,5,9,キングハート,牡5,56.0,中谷雄太,34.5,26.0,11.0,[東] 星野忍,増田陽一,5,4,69.0,34.5,498,16
344,9,6,12,タマモブリリアン,牝5,52.0,古川吉洋,34.3,213.2,17.0,[西] 南井克巳,タマモ,7,8,69.0,34.7,476,6
345,10,8,17,ロードクエスト,牡5,57.0,三浦皇成,33.9,20.4,10.0,[東] 小島茂之,ロードホースクラブ,15,13,69.1,35.199999999999996,466,2
346,11,1,2,アレスバローズ,牡6,54.0,Ｍ．デム,34.2,4.9,2.0,[西] 角田晃一,猪熊広次,11,11,69.1,34.89999999999999,504,14
347,12,6,11,ユキノアイオロス,セ10,53.0,川島信二,33.7,328.1,18.0,[東] 和田正道,井上基之,18,17,69.1,35.39999999999999,492,4
348,13,7,14,ミッキーラブソング,牡7,56.0,松山弘平,34.5,50.8,13.0,[西] 橋口慎介,野田みづき,9,9,69.3,34.8,466,-2
349,14,3,5,アットザシーサイド,牝5,53.0,四位洋文,34.4,19.4,9.0,[西] 浅見秀一,吉田照哉,13,13,69.6,35.199999999999996,446,4
350,15,5,10,ニシケンモノノフ,牡7,57.5,横山典弘,34.3,19.4,8.0,[西] 庄野靖志,西森鶴,15,18,69.7,35.400000000000006,514,7
351,16,4,8,ダイアナヘイロー,牝5,55.0,武豊,35.4,3.9,1.0,[西] 福島信晴,駒秀,2,2,69.7,34.300000000000004,478,2
352,17,8,18,ナリタスターワン,牡6,55.0,幸英明,35.3,193.8,16.0,[西] 高橋亮,オースミ,5,6,69.8,34.5,476,0
353,18,8,16,ラインミーティア,牡8,57.0,西田雄一,34.6,91.6,14.0,[東] 水野貴広,大澤繁昌,13,13,69.8,35.199999999999996,484,8
