,着順,枠番,馬番,馬名,性齢,斤量,騎手,上り,単勝,人気,馬体重,調教師,馬主,rank_0,rank_1,rank_2,rank_3,second,first_half,weight,diff
0,1,7,14,シルクジャスティス,牡4,55,藤田伸二,37.0,8.1,4.0,464(-2),[西] 大久保正,シルク,12,13,9,9,154.8,117.80000000000001,464,-2
1,2,2,3,マーベラスサンデー,牡6,56,武豊,36.8,3.0,1.0,494(+4),[西] 大沢真,笹原貞生,12,12,12,6,154.8,118.00000000000001,494,4
2,3,6,12,エアグルーヴ,牝5,55,ペリエ,37.4,3.8,2.0,470(-2),[西] 伊藤雄二,ラッキーフィールド,5,5,3,2,154.9,117.5,470,-2
3,4,2,4,ローゼンカバリー,牡5,57,横山典弘,37.0,35.6,8.0,490(+10),[東] 鈴木康弘,社台レースホース,15,15,13,9,155.3,118.30000000000001,490,10
4,5,5,9,オースミタイクーン,牡7,56,武幸四郎,37.2,74.4,11.0,508(-8),[西] 武邦彦,山路秀則,14,14,13,14,155.5,118.3,508,-8
5,6,4,8,テイエムオオアラシ,牡5,57,土肥幸広,38.0,31.2,7.0,462(+2),[西] 二分久男,竹園正繼,11,9,6,6,155.6,117.6,462,2
6,7,7,13,マウンテンストーン,牡5,57,蛯名正義,38.2,64.8,10.0,470(+8),[東] 小島太,山石祐一,10,11,9,9,156.0,117.8,470,8
7,8,8,15,メジロドーベル,牝4,53,吉田豊,38.3,4.6,3.0,480(+2),[東] 大久保洋,メジロ商事,9,9,8,4,156.0,117.7,480,2
8,9,5,10,タイキブリザード,牡7,56,ロバーツ,39.4,12.2,6.0,542(0),[東] 藤沢和雄,大樹ファーム,4,4,1,1,156.7,117.29999999999998,542,0
9,10,1,1,インターユニーク,牡7,56,小野次郎,39.2,85.4,13.0,448(+8),[東] 高松邦男,松岡正雄,3,2,6,8,156.8,117.60000000000001,448,8
10,11,3,6,マイネルブリッジ,牡6,56,藤原英幸,39.1,104.8,15.0,520(+6),[東] 伊藤正徳,サラブレッドクラブ・ラフィアン,7,7,9,12,156.9,117.80000000000001,520,6
11,12,8,16,アロハドリーム,牡5,57,加藤和宏,39.4,125.4,16.0,470(0),[東] 岩城博俊,喜田啓照,7,7,5,2,157.0,117.6,470,0
12,13,6,11,サンデーブランチ,牡6,56,熊沢重文,40.6,41.4,9.0,504(+10),[西] 池江泰郎,社台レースホース,5,5,3,4,158.1,117.5,504,10
13,14,1,2,ダンスパートナー,牝6,54,河内洋,39.8,10.9,5.0,438(-10),[西] 白井寿昭,吉田勝己,15,15,16,15,158.8,119.00000000000001,438,-10
14,15,3,5,マイネルマックス,牡4,55,佐藤哲三,45.8,80.1,12.0,482(0),[西] 中村均,サラブレッドクラブ・ラフィアン,2,2,2,12,163.2,117.39999999999999,482,0
15,16,4,7,カネツクロス,牡7,56,的場均,48.3,90.5,14.0,476(-2),[東] 西塚安夫,カネツ競走馬,1,1,15,16,166.7,118.39999999999999,476,-2
16,1,1,2,グラスワンダー,牡4,55,的場均,35.3,14.5,4.0,498(+2),[東] 尾形充弘,半沢,8,8,6,4,152.1,116.8,498,2
17,2,5,10,メジロブライト,牡5,57,河内洋,34.5,5.3,3.0,470(+6),[西] 浅見秀一,メジロ牧場,15,15,14,9,152.2,117.69999999999999,470,6
18,3,3,5,ステイゴールド,牡5,57,熊沢重文,35.5,40.8,11.0,424(-2),[西] 池江泰郎,社台レースホース,8,8,8,6,152.6,117.1,424,-2
19,4,6,11,セイウンスカイ,牡4,55,横山典弘,37.0,2.7,1.0,480(+10),[東] 保田一隆,西山正行,1,1,1,1,152.7,115.69999999999999,480,10
20,5,2,3,エアグルーヴ,牝6,54,武豊,36.0,3.8,2.0,468(-4),[西] 伊藤雄二,ラッキーフィールド,7,7,6,6,152.9,116.9,468,-4
21,6,7,13,キングヘイロー,牡4,55,福永祐一,35.3,26.7,10.0,482(0),[西] 坂口正大,浅川吉男,13,13,14,13,152.9,117.60000000000001,482,0
22,7,4,8,シルクジャスティス,牡5,57,藤田伸二,35.7,19.8,6.0,470(0),[西] 大久保正,シルク,13,13,11,10,153.0,117.3,470,0
23,8,2,4,ダイワオーシュウ,牡5,57,柴田善臣,35.6,45.8,12.0,456(+8),[東] 二ノ宮敬,大和商事,10,10,11,10,153.0,117.4,456,8
24,9,7,14,メジロドーベル,牝5,55,吉田豊,37.1,20.8,7.0,492(+14),[東] 大久保洋,メジロ商事,5,5,2,2,153.2,116.1,492,14
25,10,3,6,オフサイドトラップ,牡8,56,蛯名正義,37.0,23.3,8.0,476(0),[東] 加藤修甫,渡邊隆,3,3,2,2,153.2,116.19999999999999,476,0
26,11,8,16,エモシオン,牡4,55,松永幹夫,36.2,23.7,9.0,456(0),[西] 小林稔,根岸治男,10,10,8,6,153.2,116.99999999999999,456,0
27,12,6,12,ユーセイトップラン,牡6,56,佐藤哲三,35.0,63.2,13.0,492(+8),[西] 音無秀孝,アサヒクラブ,16,16,16,16,153.3,118.30000000000001,492,8
28,13,1,1,マチカネフクキタル,牡5,57,岡部幸雄,37.0,16.9,5.0,520(+18),[西] 二分久男,細川益男,10,10,11,10,154.3,117.30000000000001,520,18
29,14,5,9,サンライズフラッグ,牡5,57,安田康彦,38.9,80.6,14.0,450(+4),[西] 安田伊佐,松岡,2,2,4,4,155.2,116.29999999999998,450,4
30,15,8,15,ビッグサンデー,牡5,57,高橋亮,39.0,104.9,15.0,472(0),[西] 中尾正,ビッグ,5,6,10,13,156.2,117.19999999999999,472,0
31,16,4,7,オースミタイクーン,牡8,56,武幸四郎,39.8,105.2,16.0,510(+2),[西] 武邦彦,山路秀則,4,3,5,13,156.4,116.60000000000001,510,2
32,1,4,7,グラスワンダー,牡5,57,的場均,34.6,2.8,1.0,512(+12),[東] 尾形充弘,半沢,11,10,7,3,157.2,122.6,512,12
33,2,2,3,スペシャルウィーク,牡5,57,武豊,34.5,3.0,2.0,464(-4),[西] 白井寿昭,臼田浩義,14,14,11,5,157.2,122.69999999999999,464,-4
34,3,6,11,テイエムオペラオー,牡4,55,和田竜二,34.9,12.0,5.0,474(-2),[西] 岩元市三,竹園正繼,5,5,4,5,157.2,122.29999999999998,474,-2
35,4,6,10,ツルマルツヨシ,牡5,57,藤田伸二,34.8,12.1,6.0,504(+6),[西] 二分久男,鶴田任男,7,7,7,3,157.3,122.50000000000001,504,6
36,5,7,13,メジロブライト,牡6,56,河内洋,34.8,6.5,3.0,470(+8),[西] 浅見秀一,メジロ牧場,11,12,11,12,157.5,122.7,470,8
37,6,8,14,ゴーイングスズカ,牡7,56,芹沢純一,35.6,163.6,14.0,460(+2),[西] 橋田満,永井啓弐,1,1,1,1,157.5,121.9,460,2
38,7,1,1,ナリタトップロード,牡4,55,渡辺薫彦,35.9,6.8,4.0,492(+6),[西] 沖芳夫,山路秀則,2,2,2,2,157.8,121.9,492,6
39,8,7,12,ファレノプシス,牝5,55,蛯名正義,35.3,68.8,9.0,442(0),[西] 浜田光正,ノースヒルズマネジメント,13,12,11,9,158.1,122.8,442,0
40,9,5,9,フサイチエアデール,牝4,53,福永祐一,35.9,79.0,10.0,434(-4),[西] 松田国英,関口房朗,5,5,4,5,158.1,122.19999999999999,434,-4
41,10,3,5,ステイゴールド,牡6,56,熊沢重文,35.7,31.6,8.0,428(+8),[西] 池江泰郎,社台レースホース,7,7,7,9,158.2,122.49999999999999,428,8
42,11,2,2,スエヒロコマンダー,牡5,57,後藤浩輝,35.7,128.2,12.0,434(+4),[西] 松元茂樹,みどり住宅,7,7,7,12,158.2,122.49999999999999,434,4
43,12,8,15,ダイワオーシュウ,牡6,56,柴田善臣,36.3,95.1,11.0,472(+2),[東] 二ノ宮敬,大和商事,2,2,2,5,158.3,122.00000000000001,472,2
44,13,3,4,ユーセイトップラン,牡7,56,松永幹夫,36.2,139.9,13.0,490(+18),[西] 音無秀孝,アサヒクラブ,10,10,11,14,158.9,122.7,490,18
45,14,4,6,シンボリインディ,牡4,55,横山典弘,36.9,26.1,7.0,468(+20),[東] 藤沢和雄,シンボリ牧場,4,4,4,9,159.2,122.29999999999998,468,20
47,1,4,7,テイエムオペラオー,牡5,57,和田竜二,36.4,1.7,1.0,480(+4),[西] 岩元市三,竹園正繼,14,12,12,11,154.1,117.69999999999999,480,4
48,2,7,13,メイショウドトウ,牡5,57,安田康彦,36.5,6.8,2.0,512(+8),[西] 安田伊佐,松本好雄,11,8,8,7,154.1,117.6,512,8
49,3,6,12,ダイワテキサス,牡8,56,蛯名正義,36.9,81.0,13.0,484(+4),[東] 増沢末夫,大和商事,6,5,4,2,154.2,117.29999999999998,484,4
50,4,5,10,キングヘイロー,牡6,56,柴田善臣,36.0,39.9,9.0,488(-6),[西] 坂口正大,浅川吉男,15,15,16,13,154.3,118.30000000000001,488,-6
51,5,7,14,アドマイヤボス,牡4,55,武豊,36.6,19.3,6.0,492(+4),[西] 橋田満,近藤利一,12,12,12,11,154.3,117.70000000000002,492,4
52,6,8,15,アメリカンボス,牡6,56,江田照男,37.5,131.4,15.0,484(+10),[東] 田子冬樹,畔蒜不動産,3,3,4,2,154.7,117.19999999999999,484,10
53,7,6,11,ステイゴールド,牡7,56,後藤浩輝,37.3,46.5,10.0,430(0),[西] 池江泰郎,社台レースホース,12,12,8,7,154.8,117.50000000000001,430,0
54,8,8,16,メイショウオウドウ,牡6,56,河内洋,37.5,57.2,12.0,468(+6),[西] 飯田明弘,松本好雄,8,8,8,7,155.0,117.5,468,6
55,9,2,4,ナリタトップロード,牡5,57,的場均,38.0,7.6,3.0,488(+4),[西] 沖芳夫,山路秀則,6,5,3,2,155.1,117.1,488,4
56,10,2,3,ホットシークレット,セ5,57,横山典弘,38.2,34.0,8.0,460(0),[東] 後藤由之,金子真人,3,3,2,1,155.1,116.89999999999999,460,0
57,11,4,8,ユーセイトップラン,牡8,56,中舘英二,37.0,144.7,16.0,482(+2),[西] 音無秀孝,アサヒクラブ,15,15,15,14,155.2,118.19999999999999,482,2
58,12,1,2,マチカネキンノホシ,牡5,57,岡部幸雄,38.7,24.1,7.0,536(+6),[東] 藤沢和雄,細川益男,3,5,4,6,156.0,117.3,536,6
59,13,3,5,ジョービッグバン,牡6,56,山田和広,39.4,54.9,11.0,456(-8),[西] 坪正直,上田けい子,1,1,1,2,156.3,116.9,456,-8
60,14,3,6,トーホウシデン,牡4,55,田中勝春,39.4,15.2,5.0,426(-4),[東] 田中清隆,東豊物産,8,8,8,7,156.9,117.5,426,-4
61,15,5,9,ゴーイングスズカ,牡8,56,芹沢純一,41.2,101.0,14.0,464(+6),[西] 橋田満,永井啓弐,2,2,4,15,158.5,117.3,464,6
63,1,4,4,マンハッタンカフェ,牡3,55,蛯名正義,33.9,7.1,3.0,504(+10),[東] 小島太,西川清,7,8,11,9,153.1,119.19999999999999,504,10
64,2,1,1,アメリカンボス,牡6,57,江田照男,34.7,116.9,13.0,486(+6),[東] 田子冬樹,畔蒜不動産,3,3,2,2,153.3,118.60000000000001,486,6
65,3,2,2,トゥザヴィクトリー,牝5,55,武豊,34.8,17.7,6.0,488(-2),[西] 池江泰郎,金子真人,1,1,1,1,153.3,118.50000000000001,488,-2
66,4,8,13,メイショウドトウ,牡5,57,安田康彦,34.6,5.5,2.0,512(+4),[西] 安田伊佐,松本好雄,5,6,3,4,153.3,118.70000000000002,512,4
67,5,8,12,テイエムオペラオー,牡5,57,和田竜二,34.3,1.8,1.0,480(0),[西] 岩元市三,竹園正繼,7,8,7,6,153.3,119.00000000000001,480,0
68,6,6,8,テイエムオーシャン,牝3,53,本田優,34.1,26.8,8.0,440(-6),[西] 西浦勝一,竹園正繼,9,6,13,11,153.5,119.4,440,-6
69,7,6,9,シンコウカリド,牡3,55,田中勝春,34.9,24.2,7.0,520(+20),[東] 宗像義忠,飯田正,2,2,3,2,153.7,118.79999999999998,520,20
70,8,5,7,メイショウオウドウ,牡6,57,飯田祐史,34.6,84.4,11.0,474(0),[西] 飯田明弘,松本好雄,5,4,9,6,153.7,119.1,474,0
71,9,7,10,トウカイオーザ,牡4,57,Ｍデムー,34.6,15.4,5.0,492(+14),[西] 松元省一,内村正則,12,12,9,11,153.7,119.1,492,14
72,10,4,5,ナリタトップロード,牡5,57,渡辺薫彦,34.6,7.5,4.0,494(+4),[西] 沖芳夫,山路秀則,9,10,11,11,153.9,119.30000000000001,494,4
73,11,5,6,ダイワテキサス,牡8,57,柴田善臣,35.2,115.7,12.0,478(+4),[東] 増沢末夫,大和商事,4,4,3,4,153.9,118.7,478,4
74,12,7,11,イブキガバメント,牡5,57,河内洋,35.8,80.5,10.0,490(-8),[西] 橋口弘次,伊吹,9,10,3,6,154.6,118.8,490,-8
75,13,3,3,ホットシークレット,セ5,57,横山典弘,35.9,67.1,9.0,452(+2),[東] 後藤由之,金子真人,12,12,7,9,154.9,119.0,452,2
76,1,1,1,シンボリクリスエス,牡3,55,ペリエ,34.6,3.7,2.0,528(-8),[東] 藤沢和雄,シンボリ牧場,6,6,6,6,152.6,118.0,528,-8
77,2,5,8,タップダンスシチー,牡5,57,佐藤哲三,35.9,86.3,13.0,500(-8),[西] 佐々木晶,友駿ホースクラブ,2,2,1,1,152.7,116.79999999999998,500,-8
78,3,2,2,コイントス,牡4,57,岡部幸雄,35.2,29.2,8.0,538(+8),[東] 藤沢和雄,臼田浩義,4,4,4,4,153.0,117.8,538,8
79,4,7,11,ナリタトップロード,牡6,57,渡辺薫彦,35.8,10.6,4.0,506(+8),[西] 沖芳夫,山路秀則,3,3,3,3,153.4,117.60000000000001,506,8
80,5,7,12,ファインモーション,牝3,53,武豊,35.9,2.6,1.0,482(-6),[西] 伊藤雄二,伏木田達男,1,1,2,2,153.4,117.5,482,-6
81,6,4,6,ノーリーズン,牡3,55,蛯名正義,35.6,20.8,6.0,476(+2),[西] 池江泰郎,前田晋二,8,8,10,9,153.7,118.1,476,2
82,7,6,9,ジャングルポケット,牡4,57,藤田伸二,35.9,4.5,3.0,476(-2),[西] 渡辺栄,吉田勝己,8,8,6,4,153.9,118.0,476,-2
83,8,8,13,フサイチランハート,牡5,57,バルジュ,35.7,94.9,14.0,494(+6),[東] 河野通文,関口房朗,11,12,12,11,153.9,118.2,494,6
84,9,3,4,エアシャカール,牡5,57,横山典弘,36.0,21.1,7.0,510(+2),[西] 森秀行,ラッキーフィールド,13,13,10,11,154.1,118.1,510,2
85,10,4,5,テイエムオーシャン,牝4,55,本田優,36.2,33.2,10.0,468(+6),[西] 西浦勝一,竹園正繼,6,6,6,6,154.1,117.89999999999999,468,6
86,11,3,3,ヒシミラクル,牡3,55,角田晃一,35.6,18.5,5.0,464(+4),[西] 佐山優,阿部雅一郎,13,14,14,11,154.2,118.6,464,4
87,12,8,14,アクティブバイオ,牡5,57,後藤浩輝,36.6,72.6,12.0,502(+2),[西] 崎山博樹,バイオ,4,4,4,6,154.4,117.80000000000001,502,2
88,13,5,7,アメリカンボス,牡7,57,江田照男,36.8,62.7,11.0,492(+6),[東] 田子冬樹,畔蒜不動産,8,8,6,9,154.7,117.89999999999999,492,6
89,14,6,10,イーグルカフェ,牡5,57,田中勝春,36.7,29.3,9.0,486(+14),[東] 小島太,西川清,11,11,12,14,154.9,118.2,486,14
90,1,8,12,シンボリクリスエス,牡4,57,ペリエ,35.3,2.6,1.0,538(-2),[東] 藤沢和雄,シンボリ牧場,6,6,5,2,150.5,115.2,538,-2
91,2,3,3,リンカーン,牡3,55,武豊,37.0,8.1,4.0,466(0),[西] 音無秀孝,近藤英子,4,4,2,1,152.0,115.0,466,0
92,3,2,2,ゼンノロブロイ,牡3,55,柴田善臣,36.8,5.9,3.0,506(+12),[東] 藤沢和雄,大迫忍,4,4,6,3,152.1,115.3,506,12
93,4,1,1,ツルマルボーイ,牡5,57,横山典弘,35.2,13.2,6.0,454(-8),[西] 橋口弘次,鶴田任男,12,12,12,9,152.2,116.99999999999999,454,-8
94,5,5,5,ウインブレイズ,牡6,57,木幡初広,36.8,64.7,10.0,540(+6),[東] 宗像義忠,ウイン,7,6,7,6,152.3,115.50000000000001,540,6
95,6,4,4,ダービーレグノ,牡5,57,蛯名正義,36.2,78.9,12.0,458(0),[西] 高橋成忠,ダービー社,9,9,8,7,152.4,116.2,458,0
96,7,6,7,チャクラ,牡3,55,後藤浩輝,36.4,39.8,8.0,466(+8),[西] 安達昭夫,田所英子,9,9,8,8,152.6,116.19999999999999,466,8
97,8,5,6,タップダンスシチー,牡6,57,佐藤哲三,37.8,3.9,2.0,506(+4),[西] 佐々木晶,友駿ホースクラブ,3,3,2,3,152.8,115.00000000000001,506,4
98,9,8,11,アグネスデジタル,牡6,57,四位洋文,36.6,17.4,7.0,466(-2),[西] 白井寿昭,渡辺孝男,8,8,8,9,152.8,116.20000000000002,466,-2
99,10,7,9,ファストタテヤマ,牡4,57,安田康彦,37.5,65.7,11.0,458(-2),[西] 安田伊佐,辻幸雄,11,11,11,9,153.9,116.4,458,-2
100,11,6,8,ザッツザプレンティ,牡3,55,安藤勝己,39.3,8.7,5.0,502(+6),[西] 橋口弘次,社台レースホース,1,1,1,3,154.2,114.89999999999999,502,6
101,12,7,10,アクティブバイオ,牡6,57,武幸四郎,41.0,58.1,9.0,504(+4),[西] 崎山博樹,バイオ,2,2,2,12,156.1,115.1,504,4
102,1,1,1,ゼンノロブロイ,牡4,57,ペリエ,35.3,2.0,1.0,508(+6),[東] 藤沢和雄,大迫忍,2,2,2,2,149.5,114.2,508,6
103,2,5,9,タップダンスシチー,牡7,57,佐藤哲三,35.7,8.8,3.0,504(0),[西] 佐々木晶,友駿ホースクラブ,1,1,1,1,149.6,113.89999999999999,504,0
104,3,4,6,シルクフェイマス,牡5,57,四位洋文,35.1,27.3,9.0,480(+14),[西] 鮫島一歩,シルク,7,6,6,5,149.8,114.70000000000002,480,14
105,4,5,8,ダイタクバートラム,牡6,57,武豊,34.9,11.2,5.0,498(0),[西] 橋口弘次,太陽ファーム,10,10,9,10,150.0,115.1,498,0
106,5,6,10,デルタブルース,牡3,55,ボニヤ,35.6,8.9,4.0,530(+18),[西] 角居勝彦,サンデーレーシング,4,4,4,3,150.0,114.4,530,18
107,6,2,3,ハイアーゲーム,牡3,55,吉田豊,34.5,109.8,14.0,518(+12),[東] 大久保洋,臼田浩義,13,14,14,14,150.4,115.9,518,12
108,7,8,15,アドマイヤドン,牡5,57,安藤勝己,35.3,21.3,8.0,452(-2),[西] 松田博資,近藤利一,8,8,9,8,150.4,115.10000000000001,452,-2
109,8,7,13,ツルマルボーイ,牡6,57,蛯名正義,35.1,15.5,7.0,462(-2),[西] 橋口弘次,鶴田任男,11,11,11,12,150.5,115.4,462,-2
110,9,3,5,ハーツクライ,牡3,55,横山典弘,34.2,43.5,10.0,472(-8),[西] 橋口弘次,社台レースホース,15,15,15,15,150.5,116.3,472,-8
111,10,4,7,ユキノサンロイヤル,牡7,57,柴田善臣,34.9,125.2,15.0,472(+2),[東] 増沢末夫,井上基之,13,13,13,12,150.5,115.6,472,2
112,11,3,4,コスモバルク,牡3,55,五十嵐冬,35.6,7.0,2.0,498(+6),[地] 田部和則,岡田美佐子,9,8,8,8,150.5,114.9,498,6
113,12,2,2,ピサノクウカイ,牡3,55,藤田伸二,35.7,94.6,13.0,514(+2),[東] 藤沢和雄,市川義美,11,11,11,10,151.0,115.3,514,2
114,13,7,12,グレイトジャーニー,牡3,55,小牧太,36.4,85.8,11.0,458(-2),[西] 池江泰郎,ノースヒルズマネジメント,6,6,6,7,151.0,114.6,458,-2
115,14,6,11,ヒシミラクル,牡5,57,角田晃一,37.1,13.1,6.0,456(+2),[西] 佐山優,阿部雅一郎,2,2,2,3,151.3,114.20000000000002,456,2
116,15,8,14,コイントス,牡6,57,岡部幸雄,37.1,91.1,12.0,534(+6),[東] 藤沢和雄,臼田浩義,4,5,4,5,151.5,114.4,534,6
117,1,5,10,ハーツクライ,牡4,57,ルメール,35.0,17.1,4.0,498(+2),[西] 橋口弘次,社台レースホース,3,4,4,3,151.9,116.9,498,2
118,2,3,6,ディープインパクト,牡3,55,武豊,34.6,1.3,1.0,440(-4),[西] 池江泰郎,金子真人ホールディングス,11,10,8,6,152.0,117.4,440,-4
119,3,7,14,リンカーン,牡5,57,横山典弘,35.0,34.0,6.0,474(+2),[西] 音無秀孝,近藤英子,7,7,6,3,152.2,117.19999999999999,474,2
120,4,2,4,コスモバルク,牡4,57,五十嵐冬,35.8,85.3,10.0,506(+6),[地] 田部和則,岡田美佐子,3,2,2,1,152.4,116.60000000000001,506,6
121,5,7,13,コイントス,牡7,57,北村宏司,34.9,207.3,16.0,550(+6),[東] 藤沢和雄,臼田浩義,10,10,11,13,152.5,117.6,550,6
122,6,4,7,ヘヴンリーロマンス,牝5,55,松永幹夫,34.9,56.5,8.0,508(0),[西] 山本正司,ノースヒルズマネジメント,11,12,11,11,152.5,117.6,508,0
123,7,1,2,サンライズペガサス,牡7,57,田中勝春,35.1,81.2,9.0,492(+8),[西] 石坂正,松岡隆雄,11,12,11,8,152.7,117.6,492,8
124,8,2,3,ゼンノロブロイ,牡5,57,デザーモ,35.4,6.8,2.0,520(+12),[東] 藤沢和雄,大迫久美子,8,8,8,8,152.8,117.4,520,12
125,9,4,8,グラスボンバー,牡5,57,勝浦正樹,35.0,96.1,11.0,492(+6),[東] 尾形充弘,半沢,15,15,15,13,152.9,117.9,492,6
126,10,3,5,スズカマンボ,牡4,57,安藤勝己,34.9,52.6,7.0,498(+10),[西] 橋田満,永井啓弍,15,15,15,15,152.9,118.0,498,10
127,11,8,15,デルタブルース,牡4,57,ペリエ,35.6,11.5,3.0,530(+2),[西] 角居勝彦,サンデーレーシング,8,8,8,11,153.0,117.4,530,2
128,12,5,9,タップダンスシチー,牡8,57,佐藤哲三,36.9,19.7,5.0,512(+2),[西] 佐々木晶,友駿ホースクラブ,1,1,1,2,153.3,116.4,512,2
129,13,6,12,ビッグゴールド,牡7,57,柴田善臣,35.9,188.9,14.0,474(+6),[西] 中尾正,ビッグ,14,14,11,16,153.6,117.69999999999999,474,6
130,14,6,11,オペラシチー,牡4,57,中舘英二,36.6,156.4,13.0,504(-4),[西] 佐々木晶,友駿ホースクラブ,5,6,6,8,153.7,117.1,504,-4
131,15,8,16,オースミハルカ,牝5,55,川島信二,37.1,121.5,12.0,474(-2),[西] 安藤正敏,山路秀則,2,2,2,3,153.8,116.70000000000002,474,-2
132,16,1,1,マイソールサウンド,牡6,57,本田優,37.4,194.4,15.0,474(+4),[西] 西浦勝一,佐野清,5,4,4,6,154.3,116.9,474,4
133,1,3,4,ディープインパクト,牡4,57,武豊,33.8,1.2,1.0,438(+2),[西] 池江泰郎,金子真人ホールディングス,12,12,11,10,151.9,118.10000000000001,438,2
134,2,1,1,ポップロック,牡5,57,ペリエ,35.0,31.1,6.0,494(0),[西] 角居勝彦,吉田勝己,4,3,4,4,152.4,117.4,494,0
135,3,4,5,ダイワメジャー,牡5,57,安藤勝己,35.3,15.1,3.0,532(+6),[東] 上原博之,大城敬三,2,2,2,2,152.5,117.2,532,6
136,4,3,3,ドリームパスポート,牡3,55,内田博幸,34.9,13.1,2.0,478(+12),[西] 松田博資,ジョイ・レースホース,7,8,7,7,152.5,117.6,478,12
137,5,5,8,メイショウサムソン,牡3,55,石橋守,35.4,21.4,4.0,518(+4),[西] 瀬戸口勉,松本好雄,3,3,2,2,152.7,117.29999999999998,518,4
138,6,2,2,デルタブルース,牡5,57,岩田康誠,35.3,39.0,9.0,520(0),[西] 角居勝彦,サンデーレーシング,4,3,4,4,152.7,117.39999999999999,520,0
139,7,6,9,トウショウナイト,牡5,57,武士沢友,35.3,73.9,10.0,496(+14),[東] 保田一隆,藤田衛成,7,7,6,4,152.8,117.50000000000001,496,14
140,8,7,12,アドマイヤフジ,牡4,57,武幸四郎,34.6,131.4,12.0,528(-8),[西] 橋田満,近藤利一,10,11,12,12,152.8,118.20000000000002,528,-8
141,9,6,10,アドマイヤメイン,牡3,55,柴田善臣,36.3,35.4,7.0,496(-7),[西] 橋田満,近藤利一,1,1,1,1,152.8,116.50000000000001,496,-7
142,10,4,6,スイープトウショウ,牝5,55,池添謙一,34.5,29.6,5.0,456(-8),[西] 鶴留明雄,トウショウ産業,13,13,13,12,152.9,118.4,456,-8
143,11,5,7,コスモバルク,牡5,57,五十嵐冬,35.4,36.4,8.0,512(+2),[地] 田部和則,ビッグレッドファーム,9,9,9,7,153.2,117.79999999999998,512,2
144,12,7,11,スウィフトカレント,牡5,57,横山典弘,34.4,92.0,11.0,478(-4),[西] 森秀行,社台レースホース,14,14,14,14,153.3,118.9,478,-4
145,13,8,13,ウインジェネラーレ,牡6,57,蛯名正義,35.7,209.9,13.0,556(0),[東] 国枝栄,ウイン,10,10,10,7,153.6,117.89999999999999,556,0
146,14,8,14,トーセンシャナオー,牡3,55,勝浦正樹,36.3,218.2,14.0,442(-4),[西] 森秀行,島川隆哉,4,6,8,10,154.0,117.7,442,-4
147,1,2,3,マツリダゴッホ,牡4,57,蛯名正義,36.3,52.3,9.0,498(+12),[東] 国枝栄,高橋文枝,3,3,3,2,153.6,117.3,498,12
148,2,4,7,ダイワスカーレット,牝3,53,安藤勝己,36.6,8.1,5.0,486(+2),[西] 松田国英,大城敬三,2,2,2,1,153.8,117.20000000000002,486,2
149,3,2,4,ダイワメジャー,牡6,57,Ｍデムー,36.4,15.2,6.0,538(+10),[東] 上原博之,大城敬三,8,7,8,4,154.2,117.79999999999998,538,10
150,4,4,8,ロックドゥカンブ,牡3,53,キネーン,36.5,7.5,4.0,508(+8),[東] 堀宣行,吉田和美,10,9,8,11,154.3,117.80000000000001,508,8
151,5,3,6,ポップロック,牡6,57,ペリエ,36.9,5.0,2.0,502(0),[西] 角居勝彦,吉田勝己,7,7,6,5,154.5,117.6,502,0
152,6,1,2,ドリームパスポート,牡4,57,高田潤,36.3,20.5,7.0,474(+4),[西] 松田博資,セゾンレースホース,15,15,15,11,154.8,118.50000000000001,474,4
153,7,3,5,レゴラス,牡6,57,柴田善臣,37.0,137.6,15.0,510(0),[東] 加藤征弘,社台レースホース,12,12,12,7,155.1,118.1,510,0
154,8,1,1,メイショウサムソン,牡4,57,武豊,37.2,2.4,1.0,520(+2),[西] 高橋成忠,松本好雄,11,11,11,11,155.2,117.99999999999999,520,2
155,9,6,12,インティライミ,牡5,57,福永祐一,37.2,27.4,8.0,466(-6),[西] 佐々木晶,サンデーレーシング,12,12,12,14,155.3,118.10000000000001,466,-6
156,10,6,11,コスモバルク,牡6,57,松岡正海,38.1,87.6,12.0,510(0),[地] 田部和則,ビッグレッドファーム,6,6,4,5,155.6,117.5,510,0
157,11,8,16,ウオッカ,牝3,53,四位洋文,37.9,6.9,3.0,488(0),[西] 角居勝彦,谷水雄三,8,9,8,7,155.7,117.79999999999998,488,0
158,12,7,13,デルタブルース,牡6,57,川田将雅,38.0,59.6,10.0,524(-2),[西] 角居勝彦,サンデーレーシング,5,5,6,7,155.7,117.69999999999999,524,-2
159,13,8,15,チョウサン,牡5,57,横山典弘,39.1,71.1,11.0,494(0),[東] 清水利章,長山尚義,1,1,1,2,156.3,117.20000000000002,494,0
160,14,7,14,ハイアーゲーム,牡6,57,ルメール,38.4,94.1,13.0,524(+8),[東] 大久保洋,臼田浩義,12,14,14,15,156.6,118.19999999999999,524,8
161,15,5,9,サンツェッペリン,牡3,55,北村宏司,40.0,111.1,14.0,474(+2),[東] 斎藤誠,加藤信之,3,3,4,7,157.4,117.4,474,2
163,1,8,13,ダイワスカーレット,牝4,55,安藤勝己,36.4,2.6,1.0,494(-4),[西] 松田国英,大城敬三,1,1,1,1,151.5,115.1,494,-4
164,2,8,14,アドマイヤモナーク,牡7,57,川田将雅,35.8,90.2,14.0,468(+6),[西] 松田博資,近藤利一,14,14,13,11,151.8,116.00000000000001,468,6
165,3,4,6,エアシェイディ,牡7,57,後藤浩輝,36.4,36.1,10.0,496(+6),[東] 伊藤正徳,ラッキーフィールド,8,8,5,7,151.9,115.5,496,6
166,4,7,11,ドリームジャーニー,牡4,57,池添謙一,35.9,24.1,7.0,430(+10),[西] 池江泰寿,サンデーレーシング,11,13,13,9,151.9,116.0,430,10
167,5,5,8,スクリーンヒーロー,牡4,57,Ｍデムー,36.5,6.4,3.0,488(+2),[東] 鹿戸雄一,吉田照哉,10,8,5,2,152.0,115.5,488,2
168,6,5,7,アルナスライン,牡4,57,ペリエ,36.4,18.3,5.0,554(+14),[西] 松元茂樹,サンデーレーシング,11,11,10,9,152.2,115.79999999999998,554,14
169,7,1,1,カワカミプリンセス,牝5,55,横山典弘,37.0,19.0,6.0,488(-10),[西] 西浦勝一,三石川上牧場,2,2,5,7,152.5,115.5,488,-10
170,8,6,9,メイショウサムソン,牡5,57,武豊,37.3,8.4,4.0,520(+4),[西] 高橋成忠,松本好雄,2,2,2,2,152.5,115.2,520,4
171,9,4,5,フローテーション,牡3,55,ルメール,37.5,27.3,8.0,486(+2),[西] 橋口弘次,臼田浩義,6,5,2,4,152.7,115.19999999999999,486,2
172,10,2,2,ベンチャーナイン,牡3,55,柴田善臣,36.8,80.0,13.0,500(0),[東] 小桧山悟,本杉芳郎,8,8,12,11,152.7,115.89999999999999,500,0
173,11,3,3,コスモバルク,牡7,57,松岡正海,37.0,75.7,12.0,516(+2),[地] 田部和則,ビッグレッドファーム,6,5,10,11,152.8,115.80000000000001,516,2
174,12,6,10,マツリダゴッホ,牡5,57,蛯名正義,37.5,4.4,2.0,498(+6),[東] 国枝栄,高橋文枝,11,11,5,4,153.1,115.6,498,6
175,13,3,4,エアジパング,セ5,57,藤田伸二,38.3,54.4,11.0,452(+8),[西] 藤原英昭,ラッキーフィールド,5,5,5,11,153.9,115.60000000000001,452,8
176,14,7,12,アサクサキングス,牡4,57,四位洋文,39.1,29.5,9.0,498(0),[西] 大久保龍,田原慶子,4,4,2,4,154.3,115.20000000000002,498,0
177,1,5,9,ドリームジャーニー,牡5,57,池添謙一,35.2,4.0,2.0,426(+4),[西] 池江泰寿,サンデーレーシング,15,15,14,8,150.0,114.8,426,4
178,2,1,2,ブエナビスタ,牝3,53,横山典弘,35.8,3.4,1.0,446(-8),[西] 松田博資,サンデーレーシング,6,6,4,3,150.1,114.3,446,-8
179,3,3,6,エアシェイディ,牡8,57,後藤浩輝,35.7,32.0,11.0,494(0),[東] 伊藤正徳,ラッキーフィールド,16,16,15,12,150.8,115.10000000000001,494,0
180,4,8,16,フォゲッタブル,牡3,55,ルメール,36.1,9.6,4.0,484(-2),[西] 池江泰郎,金子真人ホールディングス,13,13,10,5,150.8,114.70000000000002,484,-2
181,5,2,4,マイネルキッツ,牡6,57,三浦皇成,36.7,33.2,12.0,504(+6),[東] 国枝栄,サラブレッドクラブ・ラフィアン,10,10,6,5,151.2,114.49999999999999,504,6
182,6,7,14,セイウンワンダー,牡3,55,藤田伸二,36.9,21.0,10.0,518(+4),[西] 領家政蔵,大谷高雄,13,13,10,5,151.6,114.69999999999999,518,4
183,7,4,7,マツリダゴッホ,牡6,57,蛯名正義,37.6,9.4,3.0,502(+12),[東] 国枝栄,高橋文枝,10,10,4,1,151.9,114.30000000000001,502,12
184,8,6,11,イコピコ,牡3,55,内田博幸,38.2,17.2,9.0,456(-10),[西] 西園正都,錦岡牧場,6,8,6,8,152.6,114.39999999999999,456,-10
185,9,7,13,シャドウゲイト,牡7,57,田中勝春,38.6,123.4,16.0,504(+4),[東] 加藤征弘,飯塚知一,4,4,2,2,152.7,114.1,504,4
186,10,3,5,コスモバルク,牡8,57,五十嵐冬,38.1,89.9,15.0,512(+2),[地] 田部和則,ビッグレッドファーム,10,10,10,12,152.8,114.70000000000002,512,2
187,11,2,3,ミヤビランベリ,牡6,57,吉田隼人,38.7,14.7,7.0,492(-4),[西] 加藤敬二,村上義勝,2,2,2,3,152.8,114.10000000000001,492,-4
188,12,8,15,ネヴァブション,牡6,57,北村宏司,39.3,60.0,13.0,488(-2),[東] 伊藤正徳,ティーエイチ,6,8,9,14,153.9,114.60000000000001,488,-2
189,13,4,8,リーチザクラウン,牡3,55,武豊,40.6,12.6,5.0,508(+2),[西] 橋口弘次,臼田浩義,1,1,1,8,154.6,114.0,508,2
190,14,6,12,テイエムプリキュア,牝6,55,熊沢重文,41.0,65.0,14.0,504(-2),[西] 五十嵐忠,竹園正繼,3,2,10,15,155.7,114.69999999999999,504,-2
191,15,1,1,アンライバルド,牡3,55,Ｍデムー,42.4,14.9,8.0,474(+4),[西] 友道康夫,サンデーレーシング,5,5,6,11,156.8,114.4,474,4
193,1,1,1,ヴィクトワールピサ,牡3,55,Ｍデムー,34.6,8.4,2.0,512(+2),[西] 角居勝彦,市川義美,4,4,2,2,152.6,118.0,512,2
194,2,4,7,ブエナビスタ,牝4,55,スミヨン,33.8,1.7,1.0,464(+2),[西] 松田博資,サンデーレーシング,11,11,9,8,152.6,118.8,464,2
195,3,6,11,トゥザグローリー,牡3,55,ウィリア,34.4,75.9,14.0,524(-4),[西] 池江泰郎,キャロットファーム,3,3,3,2,152.6,118.19999999999999,524,-4
196,4,7,14,ペルーサ,牡3,55,安藤勝己,34.4,8.9,3.0,510(0),[東] 藤沢和雄,山本英俊,5,5,3,4,152.7,118.29999999999998,510,0
197,5,2,4,トーセンジョーダン,牡4,57,三浦皇成,34.9,20.0,7.0,490(+10),[西] 池江泰寿,島川隆哉,1,1,1,1,152.9,118.0,490,10
198,6,3,5,ルーラーシップ,牡3,55,ルメール,34.4,17.6,6.0,492(-4),[西] 角居勝彦,サンデーレーシング,6,5,6,4,153.0,118.6,492,-4
199,7,5,10,エイシンフラッシュ,牡3,55,内田博幸,34.2,12.6,5.0,488(0),[西] 藤原英昭,平井豊光,9,9,9,10,153.0,118.8,488,0
200,8,1,2,ネヴァブション,牡7,57,後藤浩輝,34.8,59.9,12.0,494(+2),[東] 伊藤正徳,廣崎利洋,8,7,6,4,153.4,118.60000000000001,494,2
201,9,5,9,ダノンシャンティ,牡3,55,ベリー,34.3,39.5,10.0,482(+14),[西] 松田国英,ダノックス,13,13,14,13,153.6,119.3,482,14
202,10,2,3,フォゲッタブル,牡4,57,岩田康誠,35.0,62.3,13.0,484(-4),[西] 池江泰郎,金子真人ホールディングス,6,7,6,8,153.6,118.6,484,-4
203,11,7,13,オウケンブルースリ,牡5,57,横山典弘,35.4,24.9,8.0,492(0),[西] 音無秀孝,福井明,2,2,3,4,153.7,118.29999999999998,492,0
204,12,4,8,メイショウベルーガ,牝5,55,蛯名正義,35.0,38.4,9.0,508(+10),[西] 池添兼雄,松本好雄,11,11,9,10,153.8,118.80000000000001,508,10
205,13,6,12,ドリームジャーニー,牡6,57,池添謙一,34.7,12.1,4.0,434(+12),[西] 池江泰寿,サンデーレーシング,13,13,13,13,153.8,119.10000000000001,434,12
206,14,8,15,レッドディザイア,牝4,55,四位洋文,34.2,47.2,11.0,478(0),[西] 松永幹夫,東京ホースレーシング,15,15,15,15,154.0,119.8,478,0
207,15,8,16,ジャミール,牡4,57,福永祐一,35.1,91.8,15.0,456(+4),[西] 松元茂樹,吉田照哉,9,9,9,10,154.0,118.9,456,4
209,1,6,9,オルフェーヴル,牡3,55,池添謙一,33.3,2.2,1.0,462(-4),[西] 池江泰寿,サンデーレーシング,11,10,8,5,156.0,122.7,462,-4
210,2,4,5,エイシンフラッシュ,牡4,57,ルメール,33.6,26.8,7.0,488(-4),[西] 藤原英昭,平井豊光,5,5,6,5,156.1,122.5,488,-4
211,3,5,7,トゥザグローリー,牡4,57,福永祐一,33.3,47.1,9.0,536(+12),[西] 池江泰寿,キャロットファーム,8,7,10,8,156.1,122.8,536,12
212,4,8,14,ルーラーシップ,牡4,57,メンディ,33.2,52.9,11.0,504(+6),[西] 角居勝彦,サンデーレーシング,11,10,11,11,156.2,122.99999999999999,504,6
213,5,6,10,トーセンジョーダン,牡5,57,ウィリア,33.9,9.2,3.0,482(+4),[西] 池江泰寿,島川隆哉,3,3,3,3,156.3,122.4,482,4
214,6,3,3,ヒルノダムール,牡4,57,藤田伸二,33.7,30.4,8.0,466(0),[西] 昆貢,蛭川正文,6,7,8,8,156.4,122.7,466,0
215,7,1,1,ブエナビスタ,牝5,55,岩田康誠,34.1,3.2,2.0,470(+6),[西] 松田博資,サンデーレーシング,4,3,3,3,156.5,122.4,470,6
216,8,2,2,ヴィクトワールピサ,牡4,57,Ｍデムー,34.3,10.2,4.0,520(+12),[西] 角居勝彦,市川義美,2,2,2,2,156.5,122.2,520,12
217,9,8,13,レッドデイヴィス,セ3,55,武豊,34.1,18.2,6.0,484(+2),[西] 音無秀孝,東京ホースレーシング,6,5,3,5,156.5,122.4,484,2
218,10,7,12,アーネストリー,牡6,57,佐藤哲三,34.6,13.6,5.0,534(+4),[西] 佐々木晶,前田幸治,1,1,1,1,156.6,122.0,534,4
219,11,7,11,ジャガーメイル,牡7,57,四位洋文,34.2,77.1,12.0,484(0),[東] 堀宣行,吉田和美,9,7,6,8,156.8,122.60000000000001,484,0
220,12,5,8,ローズキングダム,牡4,57,後藤浩輝,34.0,51.1,10.0,454(-8),[西] 橋口弘次,サンデーレーシング,11,13,13,13,157.1,123.1,454,-8
221,13,4,6,キングトップガン,牡8,57,柴田善臣,34.5,132.9,13.0,506(-2),[西] 鮫島一歩,池田豊治,9,10,11,12,157.4,122.9,506,-2
223,1,7,13,ゴールドシップ,牡3,55,内田博幸,34.9,2.7,1.0,506(+6),[西] 須貝尚介,小林英一,16,15,14,10,151.9,117.0,506,6
224,2,3,6,オーシャンブルー,牡4,57,ルメール,35.3,27.6,10.0,438(+2),[西] 池江泰寿,青芝商事,10,7,10,10,152.1,116.8,438,2
225,3,5,9,ルーラーシップ,牡5,57,ウィリア,35.2,3.7,2.0,512(+6),[西] 角居勝彦,サンデーレーシング,13,13,14,12,152.2,116.99999999999999,512,6
226,4,1,2,エイシンフラッシュ,牡5,57,三浦皇成,35.8,10.0,3.0,488(0),[西] 藤原英昭,平井豊光,7,7,7,5,152.4,116.60000000000001,488,0
227,5,2,3,スカイディグニティ,牡3,55,スミヨン,36.0,16.7,7.0,480(-6),[西] 友道康夫,Ｇ１レーシング,5,5,6,5,152.5,116.5,480,-6
228,6,5,10,ダークシャドウ,牡5,57,ムーア,35.9,10.8,4.0,514(+2),[東] 堀宣行,飯塚知一,7,7,7,5,152.5,116.6,514,2
229,7,8,15,ナカヤマナイト,牡4,57,柴田善臣,36.2,13.9,5.0,490(+6),[東] 二ノ宮敬,和泉信一,12,12,10,9,153.0,116.8,490,6
230,8,8,16,ルルーシュ,牡4,57,横山典弘,37.1,15.6,6.0,514(+12),[東] 藤沢和雄,山本英俊,3,3,3,2,153.4,116.30000000000001,514,12
231,9,7,14,ビートブラック,牡5,57,石橋脩,37.4,23.6,8.0,522(+8),[西] 中村均,前田幸治,2,2,2,1,153.4,116.0,522,8
232,10,4,7,ダイワファルコン,牡5,57,北村宏司,37.1,38.4,12.0,514(+8),[東] 上原博之,大城敬三,5,5,3,2,153.5,116.4,514,8
233,11,2,4,アーネストリー,牡7,57,福永祐一,37.6,70.1,14.0,530(-4),[西] 佐々木晶,前田幸治,1,1,1,2,153.5,115.9,530,-4
234,12,1,1,ローズキングダム,牡5,57,岩田康誠,37.2,51.6,13.0,460(+6),[西] 橋口弘次,サンデーレーシング,4,3,3,5,153.6,116.39999999999999,460,6
235,13,4,8,トレイルブレイザー,牡5,57,武豊,37.3,27.4,9.0,498(0),[西] 池江泰寿,前田幸治,11,11,12,12,154.2,116.89999999999999,498,0
236,14,6,12,オウケンブルースリ,牡7,57,田辺裕信,37.5,116.6,15.0,486(+2),[西] 音無秀孝,福井明,14,14,12,16,154.4,116.9,486,2
237,15,3,5,ネヴァブション,牡9,57,田中勝春,37.4,144.1,16.0,488(+8),[東] 伊藤正徳,廣崎利洋,14,15,16,15,154.5,117.1,488,8
238,16,6,11,トゥザグローリー,牡5,57,蛯名正義,39.5,29.6,11.0,534(-4),[西] 池江泰寿,キャロットファーム,7,7,7,12,156.1,116.6,534,-4
239,1,3,6,オルフェーヴル,牡5,57,池添謙一,36.0,1.6,1.0,466(0),[西] 池江泰寿,サンデーレーシング,13,13,12,2,152.3,116.30000000000001,466,0
240,2,2,4,ウインバリアシオン,牡5,57,岩田康誠,37.3,16.1,4.0,534(-4),[西] 松永昌博,ウイン,9,11,12,4,153.6,116.3,534,-4
241,3,7,14,ゴールドシップ,牡4,57,ムーア,37.8,4.4,2.0,498(-2),[西] 須貝尚介,小林英一,12,11,8,4,153.8,116.00000000000001,498,-2
242,4,6,11,ラブイズブーシェ,牡4,57,武豊,37.6,63.7,12.0,456(+6),[西] 村山明,小林祥晃,14,15,14,14,154.2,116.6,456,6
243,5,4,7,タマモベストプレイ,牡3,55,和田竜二,38.3,113.7,16.0,496(-6),[西] 南井克巳,タマモ,9,8,8,4,154.3,116.00000000000001,496,-6
244,6,2,3,カレンミロティック,セ5,57,戸崎圭太,38.7,28.1,6.0,450(-10),[西] 平田修,鈴木隆司,2,2,1,1,154.3,115.60000000000001,450,-10
245,7,3,5,デスペラード,牡5,57,横山典弘,38.1,33.8,7.0,478(+4),[西] 安達昭夫,市川義美,6,8,11,10,154.3,116.20000000000002,478,4
246,8,7,13,トゥザグローリー,牡6,57,ルメール,38.6,63.8,13.0,530(-4),[西] 池江泰寿,キャロットファーム,9,8,8,10,154.7,116.1,530,-4
247,9,6,12,テイエムイナズマ,牡3,55,Ｍ．デム,37.7,110.2,15.0,508(+6),[西] 福島信晴,竹園正繼,16,16,16,14,154.9,117.2,508,6
248,10,1,2,ヴェルデグリーン,牡5,57,田辺裕信,38.4,37.4,8.0,480(+4),[東] 相沢郁,斎藤光政,14,14,14,10,154.9,116.5,480,4
249,11,5,10,アドマイヤラクティ,牡5,57,ウィリア,39.4,14.4,3.0,490(+6),[西] 梅田智之,近藤利一,6,6,3,10,155.3,115.9,490,6
250,12,4,8,ラブリーデイ,牡3,55,蛯名正義,39.7,81.1,14.0,476(-4),[西] 池江泰寿,金子真人ホールディングス,3,3,3,4,155.5,115.8,476,-4
251,13,8,15,ナカヤマナイト,牡5,57,柴田善臣,40.0,47.5,10.0,498(+4),[東] 二ノ宮敬,和泉信一,3,3,2,4,155.7,115.69999999999999,498,4
252,14,8,16,トーセンジョーダン,牡7,57,内田博幸,39.9,24.8,5.0,482(+2),[西] 池江泰寿,島川隆哉,6,6,3,4,155.8,115.9,482,2
253,15,1,1,ダノンバラード,牡5,57,川田将雅,41.2,40.9,9.0,480(-4),[西] 池江泰寿,ダノックス,3,3,3,2,157.0,115.8,480,-4
254,16,5,9,ルルーシュ,牡5,57,福永祐一,47.0,51.2,11.0,512(+8),[東] 藤沢和雄,山本英俊,1,1,3,16,162.8,115.80000000000001,512,8
255,1,2,4,ジェンティルドンナ,牝5,55,戸崎圭太,34.1,8.7,4.0,470(-2),[西] 石坂正,サンデーレーシング,3,3,3,2,155.3,121.20000000000002,470,-2
256,2,3,6,トゥザワールド,牡3,55,ビュイッ,33.8,31.2,9.0,524(+4),[西] 池江泰寿,キャロットファーム,7,7,6,7,155.4,121.60000000000001,524,4
257,3,7,14,ゴールドシップ,牡5,57,岩田康誠,33.9,3.5,1.0,510(0),[西] 須貝尚介,小林英一ホールディングス,11,10,6,5,155.4,121.5,510,0
258,4,8,15,ジャスタウェイ,牡5,57,福永祐一,33.4,4.6,3.0,504(+6),[西] 須貝尚介,大和屋暁,13,13,13,12,155.5,122.1,504,6
259,5,7,13,エピファネイア,牡4,57,川田将雅,34.6,4.0,2.0,494(+2),[西] 角居勝彦,キャロットファーム,2,2,2,1,155.5,120.9,494,2
260,6,3,5,ラキシス,牝4,55,Ｃ．デム,34.1,36.3,11.0,458(0),[西] 角居勝彦,大島昌也,5,5,5,2,155.5,121.4,458,0
261,7,4,7,ラストインパクト,牡4,57,菱田裕二,33.7,17.6,7.0,484(-2),[西] 松田博資,シルクレーシング,8,9,10,10,155.5,121.8,484,-2
262,8,1,1,トーセンラー,牡6,57,武豊,34.4,22.8,8.0,462(-4),[西] 藤原英昭,島川隆哉,3,3,3,5,155.7,121.29999999999998,462,-4
263,9,6,12,デニムアンドルビー,牝4,55,浜中俊,33.9,118.6,16.0,448(+6),[西] 角居勝彦,金子真人ホールディングス,11,11,10,12,155.7,121.79999999999998,448,6
264,10,5,10,フェノーメノ,牡5,57,田辺裕信,34.2,15.3,6.0,502(+8),[東] 戸田博文,サンデーレーシング,8,7,6,7,155.7,121.49999999999999,502,8
265,11,6,11,サトノノブレス,牡4,57,池添謙一,33.6,81.0,13.0,512(+4),[西] 池江泰寿,里見治,13,13,14,15,155.9,122.30000000000001,512,4
266,12,5,9,ウインバリアシオン,牡6,57,藤岡康太,34.1,34.9,10.0,530(-4),[西] 松永昌博,ウイン,10,11,10,7,155.9,121.80000000000001,530,-4
267,13,2,3,ワンアンドオンリー,牡3,55,横山典弘,34.4,11.8,5.0,492(+4),[西] 橋口弘次,前田幸治,5,5,6,10,156.0,121.6,492,4
268,14,1,2,ヴィルシーナ,牝5,55,内田博幸,35.4,77.7,12.0,458(+4),[西] 友道康夫,佐々木主浩,1,1,1,2,156.1,120.69999999999999,458,4
269,15,4,8,メイショウマンボ,牝4,55,武幸四郎,33.9,86.3,14.0,486(-4),[西] 飯田祐史,松本好雄,16,16,16,16,156.4,122.5,486,-4
270,16,8,16,オーシャンブルー,牡6,57,蛯名正義,34.2,87.1,15.0,432(-4),[西] 池江泰寿,青芝商事,15,15,14,14,156.4,122.2,432,-4
271,1,4,7,ゴールドアクター,牡4,57,吉田隼人,34.8,17.0,8.0,494(+4),[東] 中川公成,居城要,3,3,5,3,153.0,118.2,494,4
272,2,5,9,サウンズオブアース,牡4,57,Ｍ．デム,34.7,9.9,5.0,502(0),[西] 藤岡健一,吉田照哉,3,3,5,6,153.0,118.3,502,0
273,3,6,11,キタサンブラック,牡3,55,横山典弘,35.1,8.4,4.0,526(-4),[西] 清水久詞,大野商事,1,1,1,1,153.1,118.0,526,-4
274,4,8,16,マリアライト,牝4,55,蛯名正義,35.0,41.5,12.0,434(+4),[東] 久保田貴,キャロットファーム,3,3,2,2,153.1,118.1,434,4
275,5,2,4,ラブリーデイ,牡5,57,川田将雅,34.7,4.5,2.0,488(+2),[西] 池江泰寿,金子真人ホールディングス,6,6,8,6,153.2,118.49999999999999,488,2
276,6,5,10,トーセンレーヴ,牡7,57,ボウマン,34.4,86.7,14.0,480(+2),[西] 池江泰寿,島川隆哉,14,14,15,13,153.3,118.9,480,2
277,7,3,5,アドマイヤデウス,牡4,57,岩田康誠,34.9,34.4,11.0,484(+4),[西] 橋田満,近藤利一,6,6,7,10,153.3,118.4,484,4
278,8,8,15,ゴールドシップ,牡6,57,内田博幸,35.2,4.1,1.0,508(-2),[西] 須貝尚介,小林英一ホールディングス,16,16,2,3,153.3,118.10000000000001,508,-2
279,9,4,8,ワンアンドオンリー,牡4,57,浜中俊,34.8,30.4,10.0,498(0),[西] 橋口弘次,前田幸治,11,11,12,13,153.5,118.7,498,0
280,10,7,13,ルージュバック,牝3,53,戸崎圭太,35.0,10.7,6.0,458(+6),[東] 大竹正博,キャロットファーム,10,10,8,5,153.5,118.5,458,6
281,11,3,6,アルバート,牡4,57,アッゼニ,34.9,16.1,7.0,466(0),[東] 堀宣行,林正道,15,15,12,10,153.6,118.69999999999999,466,0
282,12,2,3,ラストインパクト,牡5,57,菱田裕二,35.0,20.6,9.0,496(+2),[西] 松田博資,シルクレーシング,8,9,10,9,153.6,118.6,496,2
283,13,1,2,ヒットザターゲット,牡7,57,小牧太,35.1,55.4,13.0,516(+2),[西] 加藤敬二,前田晋二,8,8,10,13,153.7,118.6,516,2
284,14,7,14,ダービーフィズ,牡5,57,大野拓弥,35.2,138.8,16.0,462(-6),[東] 小島太,社台レースホース,12,12,12,10,153.9,118.7,462,-6
285,15,1,1,オーシャンブルー,牡7,57,石川裕紀,36.4,122.8,15.0,446(+2),[西] 池江泰寿,青芝商事,12,12,16,16,155.4,119.0,446,2
286,16,6,12,リアファル,牡3,55,ルメール,37.4,5.6,3.0,506(0),[西] 音無秀孝,キャロットファーム,2,2,2,6,155.5,118.1,506,0
287,1,6,11,サトノダイヤモンド,牡3,55,ルメール,35.5,2.6,1.0,502(+4),[西] 池江泰寿,里見治,4,3,3,3,152.6,117.1,502,4
288,2,1,1,キタサンブラック,牡4,57,武豊,35.8,2.7,2.0,536(0),[西] 清水久詞,大野商事,2,2,2,2,152.6,116.8,536,0
289,3,1,2,ゴールドアクター,牡5,57,吉田隼人,35.7,7.9,3.0,498(-6),[東] 中川公成,居城寿与,3,3,3,3,152.7,116.99999999999999,498,-6
290,4,2,4,ヤマカツエース,牡4,57,池添謙一,35.1,32.6,8.0,508(+4),[西] 池添兼雄,山田和夫,9,10,13,12,152.9,117.80000000000001,508,4
291,5,4,8,ミッキークイーン,牝4,55,浜中俊,35.8,21.9,7.0,434(-8),[西] 池江泰寿,野田みづき,9,9,6,6,153.0,117.2,434,-8
292,6,7,14,シュヴァルグラン,牡4,57,福永祐一,35.7,16.2,5.0,484(+2),[西] 友道康夫,佐々木主浩,11,10,8,5,153.1,117.39999999999999,484,2
293,7,8,15,アルバート,牡5,57,戸崎圭太,35.3,68.0,10.0,472(0),[東] 堀宣行,林正道,11,12,15,16,153.3,118.00000000000001,472,0
294,8,3,6,サウンズオブアース,牡5,57,Ｍ．デム,35.8,8.7,4.0,506(+4),[西] 藤岡健一,吉田照哉,11,12,10,8,153.4,117.60000000000001,506,4
295,9,7,13,デニムアンドルビー,牝6,55,バルザロ,35.7,71.0,11.0,444(0),[西] 角居勝彦,金子真人ホールディングス,14,14,10,8,153.4,117.7,444,0
296,10,8,16,マリアライト,牝5,55,蛯名正義,36.2,19.3,6.0,436(+4),[東] 久保田貴,キャロットファーム,7,7,8,11,153.6,117.39999999999999,436,4
297,11,5,10,アドマイヤデウス,牡5,57,岩田康誠,36.3,51.5,9.0,490(+14),[西] 橋田満,近藤利一,4,5,6,6,153.6,117.3,490,14
298,12,5,9,ヒットザターゲット,牡8,57,田辺裕信,36.1,189.6,15.0,520(+4),[西] 加藤敬二,前田晋二,16,16,15,13,154.1,118.0,520,4
299,13,6,12,サトノノブレス,牡6,57,シュミノ,37.8,155.2,13.0,510(-2),[西] 池江泰寿,里見治,7,5,3,8,154.8,117.00000000000001,510,-2
300,14,2,3,ムスカテール,牡8,57,中谷雄太,37.1,202.3,16.0,492(+2),[西] 友道康夫,吉田勝己,14,14,13,14,154.9,117.80000000000001,492,2
301,15,4,7,マルターズアポジー,牡4,57,武士沢友,38.3,83.1,12.0,536(+8),[東] 堀井雅広,藤田在子,1,1,1,1,155.0,116.7,536,8
302,16,3,5,サムソンズプライド,牡6,57,横山典弘,38.0,180.3,14.0,484(0),[東] 杉浦宏昭,シルクレーシング,6,7,10,14,155.6,117.6,484,0
303,1,1,2,キタサンブラック,牡5,57,武豊,35.2,1.9,1.0,540(-2),[西] 清水久詞,大野商事,1,1,1,1,153.6,118.39999999999999,540,-2
304,2,2,3,クイーンズリング,牝5,55,ルメール,35.1,33.1,8.0,474(0),[西] 吉村圭司,吉田千津,4,5,5,3,153.8,118.70000000000002,474,0
305,3,5,10,シュヴァルグラン,牡5,57,ボウマン,34.8,6.7,3.0,474(+4),[西] 友道康夫,佐々木主浩,8,8,8,8,153.8,119.00000000000001,474,4
306,4,7,14,スワーヴリチャード,牡3,55,Ｍ．デム,34.5,4.5,2.0,510(+8),[西] 庄野靖志,ＮＩＣＫＳ,10,12,10,8,153.8,119.30000000000001,510,8
307,5,6,11,ルージュバック,牝5,55,北村宏司,34.3,55.4,10.0,460(+6),[東] 大竹正博,キャロットファーム,16,16,16,16,154.0,119.7,460,6
308,6,4,7,シャケトラ,牡4,57,福永祐一,35.6,29.6,7.0,520(-4),[西] 角居勝彦,金子真人ホールディングス,2,2,2,2,154.1,118.5,520,-4
309,7,8,16,サウンズオブアース,牡6,57,Ｃ．デム,34.7,132.9,14.0,512(+10),[西] 藤岡健一,吉田照哉,15,14,13,15,154.2,119.49999999999999,512,10
310,8,4,8,レインボーライン,牡4,57,岩田康誠,34.9,44.7,9.0,444(-4),[西] 浅見秀一,三田昌宏,13,12,13,13,154.3,119.4,444,-4
311,9,3,6,サトノクロニクル,牡3,55,戸崎圭太,35.5,70.7,11.0,454(0),[西] 池江泰寿,サトミホースカンパニー,6,6,6,6,154.3,118.80000000000001,454,0
312,10,1,1,ヤマカツエース,牡5,57,池添謙一,35.8,24.6,6.0,510(+4),[西] 池添兼雄,山田和夫,2,3,3,3,154.4,118.60000000000001,510,4
313,11,7,13,ミッキークイーン,牝5,55,浜中俊,35.1,19.6,5.0,432(-10),[西] 池江泰寿,野田みづき,13,14,13,13,154.5,119.4,432,-10
314,12,2,4,ブレスジャーニー,牡3,55,三浦皇成,35.4,71.7,12.0,466(+4),[西] 佐々木晶,島川隆哉,10,10,10,11,154.6,119.19999999999999,466,4
315,13,6,12,サトノクラウン,牡5,57,ムーア,35.4,9.8,4.0,496(0),[東] 堀宣行,サトミホースカンパニー,10,10,10,11,154.6,119.19999999999999,496,0
316,14,3,5,トーセンビクトリー,牝5,55,田辺裕信,36.0,159.5,15.0,482(+10),[西] 角居勝彦,島川隆哉,6,6,6,3,154.8,118.80000000000001,482,10
317,15,8,15,カレンミロティック,セ9,57,川田将雅,36.5,204.8,16.0,460(+4),[西] 平田修,鈴木隆司,4,3,3,6,155.1,118.6,460,4
318,16,5,9,サクラアンプルール,牡6,57,蛯名正義,36.6,72.9,13.0,494(+12),[東] 金成貴史,さくらコマース,8,8,8,8,155.5,118.9,494,12
